API,Operator,Status,Well_Type,Work_Type,Directional_Status,Multi_Lateral,Mineral_Owner,Surface_Owner,Surface_Location,GL_Elevation,KB_Elevation,DF_Elevation,Single_Multiple_Completion,Potash_Waiver,Spud_Date,Last_Inspection,TVD,Latitude,Longitude,CRS
30-015-25325,[] CANTRO EXPLORATION INC,"Plugged, Site Released",Oil,New,Vertical,No,Federal,Federal,C-28-19S-31E,,,,Single,False,,,99999.0,32.637764,-103.8775024,NAD83
30-015-25327,[] K&M RESOURCES LLC,Active,Oil,New,Vertical,No,Federal,Federal,E-31-16S-30E,,,,Single,False,07/26/1985,09/22/2020,99999.0,32.8793526,-104.0185852,NAD83
30-015-25330,"[] BEPCO, LP","Plugged, Site Released",Oil,New,Vertical,No,Federal,Federal,P-03-22S-28E,,,,Single,False,,01/05/2006,99999.0,32.4154167,-104.0703049,NAD83
30-015-25343,"[] CHESAPEAKE OPERATING, INC.","Plugged, Site Released",Oil,New,Vertical,No,Federal,Federal,O-01-21S-27E,3196.0,,,Single,False,08/27/1985,02/23/2010,5700.0,32.5039024,-104.1409073,NAD83
30-015-25367,[] EOG RESOURCES INC,"Plugged, Site Released",Gas,New,Vertical,No,Federal,Private,P-29-19S-24E,,,,Single,False,09/17/1985,05/09/2022,7680.0,32.6265564,-104.60392,NAD83
30-015-25404,[] EOG RESOURCES INC,"Plugged, Site Released",Gas,New,Vertical,No,Federal,Federal,N-12-19S-23E,3887.0,,,Single,False,09/30/1985,08/12/2022,8565.0,32.6698723,-104.6471405,NAD83
30-015-25419,"[] DEVON ENERGY PRODUCTION COMPANY, LP","Plugged, Site Released",Salt Water Disposal,Re-entry,Vertical,No,Federal,Federal,H-11-23S-31E,3515.0,,,Single,False,06/28/2003,08/19/2021,9104.0,32.3201141,-103.7421951,NAD83
30-015-25437,[] C&D MANAGEMENT COMPANY DBA FREEDOM VENTURES,"Plugged, Site Released",Oil,New,Vertical,No,Federal,Federal,P-12-17S-27E,3501.0,,,Single,False,,04/14/2009,1822.0,32.8431244,-104.2260284,NAD83
30-015-25464,[] Spur Energy Partners LLC,Active,Oil,New,Vertical,No,Federal,Federal,L-11-17S-29E,,,,Single,False,12/26/1986,08/12/2020,4517.0,32.8456001,-104.0508423,NAD83
30-015-25471,[] COG OPERATING LLC,"Plugged, Site Released",Oil,New,Vertical,No,State,Private,A-34-17S-28E,3565.0,,,Single,False,11/20/1985,12/18/2019,3030.0,32.7958832,-104.1565781,NAD83
30-015-25503,[] PRE-ONGARD WELL OPERATOR,"Plugged, Site Released",Oil,New,,No,State,Private,P-06-18S-28E,,,,,False,01/01/1900,,0.0,32.7707787,-104.2073212,NAD83
30-015-25507,"[] Acacia Operating Company, LLC",Active,Oil,New,Vertical,No,Federal,Federal,E-22-19S-31E,,,,Single,False,12/31/1985,02/03/2021,2403.0,32.6477737,-103.8640671,NAD83
30-015-25549,[] PRE-ONGARD WELL OPERATOR,Cancelled Apd,Oil,New,,No,,Federal,D-34-26S-30E,,,,,False,,,0.0,32.004238424514,-103.875541879672,NAD83
30-015-25593,[] OXY USA WTP LIMITED PARTNERSHIP,"Plugged, Site Released",Gas,New,Vertical,No,Federal,Federal,L-25-24S-29E,3080.0,,,Single,False,03/23/1986,02/23/2018,13090.0,32.1866188,-103.9442749,NAD83
30-015-25612,[] CHEVRON U S A INC,Active,Oil,New,Vertical,No,Federal,Federal,I-04-18S-31E,,,,Single,False,08/20/1986,10/22/2020,8540.0,32.7751732,-103.868309,NAD83
30-015-25614,[] PRE-ONGARD WELL OPERATOR,"Plugged, Site Released",Oil,New,,No,State,State,M-19-16S-29E,,,,,False,01/01/1900,,0.0,32.9006767,-104.1202087,NAD83
30-015-25629,[] PRE-ONGARD WELL OPERATOR,"Plugged, Site Released",Oil,New,,No,Federal,Federal,M-24-18S-31E,,,,,False,01/01/1900,,0.0,32.7285576,-103.8283691,NAD83
30-015-25632,[] PRE-ONGARD WELL OPERATOR,Cancelled Apd,Oil,New,,No,,Federal,B-29-16S-29E,,,,,False,,,0.0,32.8991122943336,-104.094924301814,NAD83
30-015-25692,[] SELLERS&FULTON OIL LLC,Reclamation Fund Approved,Oil,New,Vertical,No,Federal,Federal,O-07-17S-29E,3677.0,,,Single,False,11/27/1986,07/10/2020,2552.0,32.8434639,-104.1111145,NAD83
30-015-25702,"[] BTA OIL PRODUCERS, LLC",Active,Gas,New,Vertical,No,Federal,Federal,I-35-23S-24E,,,,Single,False,12/18/1986,09/02/2022,99999.0,32.2587395,-104.4627075,NAD83
30-015-25718,[] CIMAREX ENERGY CO. OF COLORADO,"Plugged, Site Released",Gas,New,,No,Federal,Federal,B-03-19S-30E,,,,Single,False,,04/07/2010,11250.0,32.6946297,-103.9580307,NAD83
30-015-25720,[] CIMAREX ENERGY CO. OF COLORADO,"Plugged, Site Released",Oil,New,Vertical,No,Federal,Federal,E-27-26S-29E,,,,Single,False,,01/09/2014,5073.0,32.0162659,-103.9775238,NAD83
30-015-25761,[] PRE-ONGARD WELL OPERATOR,"Plugged, Site Released",Oil,New,,No,Federal,Federal,G-15-22S-25E,,,,,False,01/01/1900,,0.0,32.3932533,-104.3819427,NAD83
30-015-25775,[] EL RAN INC,"Plugged, Site Released",Oil,New,Vertical,No,State,State,O-16-19S-31E,3490.0,,,Single,False,,06/06/2003,99999.0,32.655014,-103.8764877,NAD83
30-015-25788,[] BEACH EXPLORATION INC,Active,Injection,New,Vertical,No,Federal,Federal,K-17-16S-29E,3642.0,,,Single,False,08/14/1987,03/19/2024,1813.0,32.9208717,-104.0992813,NAD83
30-015-25790,[] Spur Energy Partners LLC,"Plugged, Site Released",Injection,New,Vertical,No,Federal,Federal,D-14-17S-29E,,,,Single,False,09/13/1987,05/09/2022,4496.0,32.8415642,-104.053978,NAD83
30-015-25825,[] Extex Operating Company,Active,Oil,New,Vertical,No,Federal,Federal,K-11-18S-31E,3736.0,,,Single,False,11/16/1987,10/23/2020,9522.0,32.7602692,-103.8423615,NAD83
30-015-25862,[] PRE-ONGARD WELL OPERATOR,"Plugged, Site Released",Oil,New,,No,State,State,N-12-19S-27E,,,,,False,01/01/1900,,0.0,32.6702385,-104.233696,NAD83
30-015-25868,[] SPECIAL ENERGY CORP,Active,Oil,New,Vertical,No,State,State,I-06-18S-31E,,,,Single,False,03/17/1988,09/08/2022,8450.0,32.7747345,-103.9034119,NAD83
30-015-25884,[] MACK ENERGY CORP,"Plugged, Site Released",Oil,New,Vertical,No,Federal,Federal,E-06-16S-31E,3969.0,,,Single,False,,,99999.0,32.9515953,-103.9146423,NAD83
30-015-25917,[] SPECIAL ENERGY CORP,Active,Oil,New,Vertical,No,Federal,Federal,H-06-18S-31E,,,,Single,False,05/30/1988,09/08/2022,8380.0,32.7783661,-103.9035797,NAD83
30-015-25943,[] CANYON E & P COMPANY,Reclamation Fund Approved,Oil,New,Vertical,No,Federal,Federal,O-04-16S-31E,4216.0,,,Single,False,08/04/1988,11/21/2023,3670.0,32.9444923,-103.8715591,NAD83
30-015-25964,"[] BTA OIL PRODUCERS, LLC",Active,Gas,Plugback,Vertical,No,Private,Private,L-11-23S-28E,2988.0,,,Single,False,08/27/1988,05/10/2023,99999.0,32.3191032,-104.0643768,NAD83
30-015-26003,[] PRE-ONGARD WELL OPERATOR,Cancelled Apd,Oil,New,,No,,Federal,L-14-18S-31E,,,,,False,,,0.0,32.7460298734879,-103.846302167424,NAD83
30-015-26029,"[] BXP Operating, LLC",Active,Oil,New,Vertical,No,Federal,Federal,L-35-19S-29E,3319.0,,,Single,False,11/30/1988,03/19/2021,5000.0,32.6152954,-104.0516891,NAD83
30-015-26059,"[] HARVARD PETROLEUM COMPANY, LLC",Active,Oil,New,Vertical,No,State,State,N-12-19S-27E,,,,Single,False,11/11/1989,05/22/2023,99999.0,32.668499,-104.2356873,NAD83
30-015-26061,"[] LH Operating, LLC",Active,Oil,New,Vertical,No,Federal,Federal,A-05-17S-31E,3981.0,,,Single,False,01/31/1989,06/11/2020,3916.0,32.8689575,-103.8856354,NAD83
30-015-26067,"[] Saguaro Petroleum, LLC",Active,Oil,New,Vertical,No,Federal,Federal,K-25-17S-31E,3877.0,,,Single,False,11/10/1993,08/22/2022,4100.0,32.8042297,-103.8263245,NAD83
30-015-26149,[] PRE-ONGARD WELL OPERATOR,"Plugged, Site Released",Oil,New,,No,State,State,M-36-17S-26E,,,,,False,01/01/1900,,0.0,32.7861595,-104.3414612,NAD83
30-015-26205,"[] RAYBAW Operating, LLC","Plugged, Not Released",Gas,Re-entry,Vertical,No,State,State,N-36-23S-23E,4334.0,,,Single,False,12/31/1996,04/16/2025,10850.0,32.2557869,-104.5564041,NAD83
30-015-26208,[] PRE-ONGARD WELL OPERATOR,Cancelled Apd,Oil,New,,No,,Federal,J-10-17S-31E,,,,,False,,,0.0,32.8476972122972,-103.8554670813,NAD83
30-015-26234,"[] G and C Operating, LLC",Active,Oil,New,Vertical,No,State,State,E-11-19S-29E,,,,Single,False,02/01/1900,03/11/2021,99999.0,32.6759529,-104.0509567,NAD83
30-015-26265,[] EOG RESOURCES INC,"Plugged, Site Released",Oil,Plugback,Vertical,No,State,Federal,I-25-19S-24E,3582.0,,,Single,False,02/27/1990,02/09/2023,8000.0,32.6301346,-104.5350037,NAD83
30-015-26273,[] COG OPERATING LLC,"Plugged, Site Released",Oil,New,Vertical,No,Federal,Federal,J-17-17S-31E,,,,Single,False,01/01/1991,08/30/2013,5560.0,32.8336487,-103.8887405,NAD83
30-015-26275,[] HARVEY E YATES CO,"Plugged, Site Released",Oil,New,,No,Federal,Federal,P-03-18S-31E,3752.0,,,Single,False,,03/04/2013,99999.0,32.772049,-103.8520355,NAD83
30-015-26320,[] Waylander LLC,Active,Oil,New,Vertical,No,Federal,Federal,G-35-26S-31E,,,,Single,False,04/03/1990,09/12/2025,99999.0,,,
30-015-26379,[] BROTHERS PROD CO INC,"Plugged, Site Released",Oil,New,Vertical,No,Federal,Federal,E-11-18S-31E,3738.0,,,Single,False,,,99999.0,32.7629776,-103.8468552,NAD83
30-015-26403,[] EASTLAND OIL CO,Active,Oil,New,Vertical,No,Federal,Federal,M-31-19S-30E,,,,Single,False,06/28/1990,02/23/2021,99999.0,32.6118889,-104.0177383,NAD83
30-015-26447,"[] BTA OIL PRODUCERS, LLC",Active,Oil,New,Vertical,No,Private,Private,B-15-23S-28E,3008.0,,,Single,False,09/27/1990,12/06/2017,99999.0,32.3109131,-104.072937,NAD83
30-015-26466,"[] EOG Y RESOURCES, INC.","Plugged, Site Released",Oil,New,Vertical,No,Private,Private,M-12-20S-24E,3602.0,,,Single,False,07/21/1998,06/01/2016,9602.0,32.5828438,-104.5478897,NAD83
30-015-26468,[] EOG RESOURCES INC,"Plugged, Site Released",Oil,New,Vertical,No,Private,Private,A-14-20S-24E,3609.0,,,Single,False,10/26/1990,12/06/2023,9650.0,32.5792274,-104.5523987,NAD83
30-015-26492,[] SHACKELFORD OIL CO,"Plugged, Site Released",Oil,New,Vertical,No,Federal,Federal,N-11-19S-31E,,,,Single,False,,04/20/2010,99999.0,32.6695862,-103.8418732,NAD83
30-015-26501,[] YATES ENERGY CORP,"Plugged, Site Released",Gas,New,Vertical,No,Federal,Private,K-27-23S-23E,4188.0,,,Single,False,10/24/1990,03/15/2017,10100.0,32.2738991,-104.5913696,NAD83
30-015-26532,[] PRE-ONGARD WELL OPERATOR,Cancelled Apd,Oil,New,,No,,Federal,L-12-18S-31E,,,,,False,,,0.0,32.7596297732013,-103.829468026232,NAD83
30-015-26538,"[] HARVARD PETROLEUM COMPANY, LLC",Active,Oil,New,Vertical,No,State,State,B-24-19S-27E,3511.0,,,Single,False,11/25/1990,11/01/2022,1950.0,32.6521034,-104.2295532,NAD83
30-015-26564,[] KAISER-FRANCIS OIL CO,"Plugged, Site Released",Oil,Plugback,Vertical,No,State,Private,J-36-23S-28E,2974.0,,,Single,False,01/01/1991,09/24/2024,12150.0,32.2597618,-104.0387039,NAD83
30-015-26566,[] PRE-ONGARD WELL OPERATOR,Cancelled Apd,Oil,New,,No,,Federal,L-08-23S-31E,,,,,False,,,0.0,32.3135193167561,-103.807590551023,NAD83
30-015-26570,"[] RILEY PERMIAN OPERATING COMPANY, LLC",Active,Oil,Plugback,Vertical,No,Federal,Private,M-17-19S-25E,3596.0,,,Single,False,01/12/1991,08/05/2024,8105.0,32.6558685,-104.5131989,NAD83
30-015-26596,"[] LH Operating, LLC",Active,Oil,New,Vertical,No,Federal,Federal,N-20-17S-31E,,,,Single,False,12/30/1991,09/07/2021,99999.0,32.8163872,-103.8961029,NAD83
30-015-26612,"[] LH Operating, LLC",Active,Oil,New,Vertical,No,Federal,Federal,L-20-17S-31E,,,,Single,False,01/17/1991,06/12/2020,99999.0,32.819973,-103.8972549,NAD83
30-015-26626,"[] MAVERICK OPERATING, LLC",Active,Oil,New,Vertical,No,State,State,M-36-21S-30E,3249.0,,,Single,False,02/07/1991,08/01/2025,7625.0,32.4293327,-103.841629,NAD83
30-015-26649,[] OXY USA INC,"Plugged, Site Released",Oil,New,Vertical,No,Federal,Federal,F-10-23S-28E,,,,Single,False,03/23/1991,08/21/2024,99999.0,32.3209839,-104.0763931,NAD83
30-015-26653,[] BURLINGTON RESOURCES OIL & GAS CO,"Plugged, Site Released",Oil,New,Vertical,No,Federal,Federal,P-03-19S-30E,3411.0,,,Single,False,05/03/1991,,3300.0,32.6852913,-103.9523544,NAD83
30-015-26714,"[] RUBICON OIL & GAS, LLC",Active,Oil,New,Vertical,No,Private,Private,P-21-23S-28E,3029.0,,,Single,False,04/25/1991,09/25/2025,6650.0,32.2843513,-104.0848694,NAD83
30-015-26717,[] PRE-ONGARD WELL OPERATOR,Cancelled Apd,Oil,New,,No,,Federal,P-07-17S-30E,,,,,False,,05/24/2012,0.0,32.8427972218989,-104.006025554343,NAD83
30-015-26733,[] PERMIAN CORP,"Plugged, Site Released",Brine,New,Vertical,No,Federal,Federal,B-33-21S-27E,3500.0,,,Single,False,,,600.0,32.4358978,-104.1917038,NAD83
30-015-26823,"[] EOG Y RESOURCES, INC.",Cancelled Apd,Oil,New,,No,Private,Private,K-08-19S-25E,3557.0,,,Single,False,,,99999.0,32.67255,-104.50866,NAD83
30-015-26838,[] Spur Energy Partners LLC,Active,Oil,Deepen,Vertical,No,State,Private,J-21-17S-29E,3596.0,,,Single,False,09/22/1991,08/27/2020,4450.0,32.8185196,-104.0797501,NAD83
30-015-26910,[] OXY USA INC,Active,Oil,New,Vertical,No,Federal,Federal,N-01-22S-31E,,,,Single,False,03/11/1992,09/15/2022,99999.0,32.4160233,-103.7339554,NAD83
30-015-26937,"[] EOG Y RESOURCES, INC.","Plugged, Site Released",Injection,New,Vertical,No,Federal,Federal,A-19-19S-25E,,,,Single,False,,04/19/2012,99999.0,32.6513672,-104.5183487,NAD83
30-015-26939,"[] EOG Y RESOURCES, INC.","Plugged, Site Released",Gas,New,Vertical,No,Federal,Private,D-13-22S-23E,4029.0,,,Single,False,02/02/1995,03/28/2012,7800.0,32.3971939,-104.5613937,NAD83
30-015-26945,[] EOG RESOURCES INC,"Plugged, Site Released",Oil,Plugback,Vertical,No,Federal,Private,F-20-19S-25E,3565.0,,,Single,False,03/16/2008,07/18/2018,9420.0,32.6482811,-104.5091095,NAD83
30-015-27014,"[] EOG Y RESOURCES, INC.","Plugged, Site Released",Oil,New,Vertical,No,Federal,Federal,B-11-20S-24E,,,,Single,False,,06/05/2007,99999.0,32.593853,-104.5566559,NAD83
30-015-27025,[] Extex Operating Company,Active,Oil,New,Vertical,No,Federal,Federal,D-10-18S-31E,3717.0,,,Single,False,11/08/1992,09/10/2020,4350.0,32.7665977,-103.8638382,NAD83
30-015-27027,[] EOG RESOURCES INC,"Plugged, Site Released",Oil,Plugback,Vertical,No,Private,Private,B-14-20S-24E,3616.0,,,Single,False,01/04/1993,01/06/2021,8175.0,32.5790901,-104.5566864,NAD83
30-015-27083,"[] BTA OIL PRODUCERS, LLC",Active,Oil,New,Vertical,No,Federal,Federal,P-03-23S-28E,,,,Single,False,09/15/1992,02/21/2022,6350.0,32.3300705,-104.0686493,NAD83
30-015-27085,[] BILL TAYLOR,"Plugged, Site Released",Oil,New,Vertical,No,Federal,Federal,R-05-21S-27E,3294.0,,,Single,False,05/28/1993,06/09/2009,583.0,32.5083046,-104.2086639,NAD83
30-015-27094,[] OXY USA INC,"Plugged, Not Released",Oil,New,Vertical,No,State,Federal,G-32-23S-31E,3365.0,,,Single,False,10/27/1992,03/31/2025,8050.0,32.2590904,-103.7976837,NAD83
30-015-27101,"[] HARVARD PETROLEUM COMPANY, LLC",Active,Oil,New,Vertical,No,Federal,Private,G-26-23S-31E,,,,Single,False,12/29/1992,11/16/2021,8340.0,32.2780991,-103.7475204,NAD83
30-015-27122,"[] EOG Y RESOURCES, INC.",Cancelled Apd,Oil,New,,No,Federal,Federal,D-23-20S-24E,3669.0,,,Single,False,,11/19/2020,0.0,32.5570091696298,-104.565010212233,NAD83
30-015-27124,"[] HARVARD PETROLEUM COMPANY, LLC",Active,Oil,New,Vertical,No,State,State,C-24-19S-27E,,,,Single,False,09/18/1992,05/22/2023,99999.0,32.6521606,-104.233284,NAD83
30-015-27138,"[] WPX Energy Permian, LLC",Active,Oil,New,Vertical,No,Federal,Federal,B-27-26S-30E,,,,Single,False,11/27/1992,08/04/2025,99999.0,32.0183449,-103.8669281,NAD83
30-015-27143,"[] WPX Energy Permian, LLC","Plugged, Site Released",Oil,New,Vertical,No,State,State,C-36-22S-28E,,,,Single,False,10/13/1992,06/07/2021,6430.0,32.3552513,-104.0446243,NAD83
30-015-27162,[] OXY USA INC,Active,Oil,New,Vertical,No,Federal,Federal,L-24-23S-31E,,,,Single,False,10/10/1992,08/04/2021,99999.0,32.2885628,-103.7389832,NAD83
30-015-27164,[] PRE-ONGARD WELL OPERATOR,Cancelled Apd,Oil,New,,No,,Federal,I-08-18S-31E,,,,,False,,,0.0,32.7593240319467,-103.886387650044,NAD83
30-015-27183,[] PRE-ONGARD WELL OPERATOR,Cancelled Apd,Oil,New,,No,,State,O-02-23S-28E,,,,,False,,03/07/2006,0.0,32.3293499999999,-104.05562,NAD83
30-015-27209,[] PRE-ONGARD WELL OPERATOR,Cancelled Apd,Oil,New,,No,,Private,L-26-23S-31E,,,,,False,,,0.0,32.2726817299714,-103.753900273697,NAD83
30-015-27219,[] OXY USA INC,"Plugged, Site Released",Oil,New,Vertical,No,Federal,Federal,N-28-23S-31E,3367.0,,,Single,False,02/10/1993,11/02/2021,8130.0,32.269062,-103.7859573,NAD83
30-015-27228,[] OXY USA INC,"Plugged, Site Released",Oil,New,Vertical,No,Federal,Federal,C-08-24S-31E,3474.0,,,Single,False,03/02/1994,01/25/2018,8208.0,32.2382126,-103.8030472,NAD83
30-015-27243,[] OXY USA INC,"Plugged, Site Released",Oil,New,Vertical,No,Federal,Federal,M-21-23S-31E,,,,Single,False,01/12/1993,11/16/2021,99999.0,32.284481,-103.7902451,NAD83
30-015-27277,[] EOG RESOURCES INC,"Plugged, Site Released",Oil,New,Vertical,No,Federal,Federal,O-03-24S-31E,3465.0,,,Single,False,04/12/1995,01/23/2018,8322.0,32.2418518,-103.7646103,NAD83
30-015-27298,[] STEPHENS & JOHNSON OP CO,Active,Oil,New,Vertical,No,State,State,F-14-19S-28E,,,,Single,False,02/07/1993,01/21/2021,99999.0,32.6609039,-104.1513748,NAD83
30-015-27307,[] STEPHENS & JOHNSON OP CO,"Plugged, Site Released",Oil,New,Vertical,No,State,State,O-11-19S-28E,3420.0,,,Single,False,,10/11/2011,2350.0,32.6715965,-104.1432037,NAD83
30-015-27314,"[] RILEY PERMIAN OPERATING COMPANY, LLC",Active,Oil,New,Vertical,No,Private,State,M-16-19S-25E,3500.0,,,Single,False,05/25/1993,08/06/2024,8365.0,32.6558075,-104.4962234,NAD83
30-015-27326,[] MEWBOURNE OIL CO,Active,Gas,New,Vertical,No,Federal,Federal,F-09-21S-24E,4137.0,,,Single,False,03/17/1993,07/09/2025,10200.0,32.4972343,-104.5064087,NAD83
30-015-27348,[] STEPHENS & JOHNSON OP CO,Active,Oil,New,Vertical,No,State,State,B-22-19S-28E,3423.0,,,Single,False,06/14/1993,12/14/2021,2900.0,32.6534882,-104.1600647,NAD83
30-015-27391,[] OXY USA INC,Active,Oil,New,Vertical,No,Federal,Federal,M-24-23S-31E,3496.0,,,Single,False,06/01/1993,05/28/2021,8415.0,32.2839775,-103.7389832,NAD83
30-015-27403,"[] EOG Y RESOURCES, INC.",Cancelled Apd,Oil,New,,No,Federal,Federal,M-24-24S-31E,3554.0,,,,False,,,0.0,32.1973744861548,-103.737913087989,NAD83
30-015-27498,[] OXY USA INC,"Plugged, Site Released",Oil,New,Vertical,No,Federal,Federal,B-34-23S-31E,3431.0,,,Single,False,11/26/1993,12/28/2022,8340.0,32.2672386,-103.7635193,NAD83
30-015-27510,"[] XTO ENERGY, INC","Plugged, Not Released",Oil,New,Vertical,No,State,State,A-13-23S-29E,3004.0,,,Single,False,07/03/1993,07/08/2025,7280.0,32.3105164,-103.9312973,NAD83
30-015-27528,"[] BOPCO, L.P.","Plugged, Site Released",Oil,New,Vertical,No,Federal,Federal,J-03-22S-28E,3147.0,,,Single,False,08/31/1993,02/22/2017,3820.0,32.4199486,-104.0732498,NAD83
30-015-27570,[] CHEVRON U S A INC,Active,Oil,New,Vertical,No,Federal,Federal,K-01-23S-28E,3040.0,,,Single,False,05/26/1994,02/17/2022,6350.0,32.3338165,-104.0434418,NAD83
30-015-27587,"[] HARVARD PETROLEUM COMPANY, LLC",Active,Oil,Plugback,Vertical,No,Federal,Federal,P-24-22S-30E,3407.0,,,Single,False,07/31/1993,11/10/2021,14525.0,32.3736038,-103.8266602,NAD83
30-015-27639,"[] EOG Y RESOURCES, INC.",Cancelled Apd,Gas,New,,No,Federal,Federal,I-19-22S-23E,4212.0,,,Single,False,,,99999.0,32.3745119485575,-104.633118043164,NAD83
30-015-27644,[] CHEVRON U S A INC,Active,Injection,New,Vertical,No,Federal,Federal,H-26-18S-30E,3428.0,,,Single,False,10/17/1993,08/18/2025,99999.0,32.7195206,-103.9374924,NAD83
30-015-27652,[] Spur Energy Partners LLC,Active,Oil,New,Vertical,No,Federal,Federal,A-24-17S-29E,3605.0,,,Single,False,05/28/1994,09/16/2020,4650.0,32.8246994,-104.0228806,NAD83
30-015-27712,[] CHEVRON U S A INC,Active,Injection,New,Vertical,No,Federal,Federal,L-25-18S-30E,3463.0,,,Single,False,10/27/1993,08/18/2025,3550.0,32.7154198,-103.930809,NAD83
30-015-27734,[] XTO PERMIAN OPERATING LLC.,"Plugged, Site Released",Oil,New,Vertical,No,State,State,N-36-22S-30E,3297.0,,,Single,False,07/05/1994,09/22/2021,7850.0,32.3431168,-103.8354721,NAD83
30-015-27754,"[] North Fork Operating, LP",Active,Oil,New,Vertical,No,Federal,Federal,2-01-25S-28E,2930.0,,,Single,False,11/27/1993,04/09/2018,6429.0,32.1646729,-104.0386429,NAD83
30-015-27756,[] CONOCO INC,Cancelled Apd,Oil,New,,No,Federal,Federal,C-35-20S-24E,3661.0,,,Single,False,,,99999.0,32.5354648977195,-104.560737562552,NAD83
30-015-27797,[] XTO PERMIAN OPERATING LLC.,"Plugged, Site Released",Oil,New,Vertical,No,Federal,Federal,I-24-24S-30E,3447.0,,,Single,False,07/03/1995,10/14/2022,8224.0,32.2015533,-103.8277664,NAD83
30-015-27816,[] SANTA FE ENERGY OPERATING PARTNERS L P,Cancelled Apd,Oil,New,,No,Federal,Federal,H-09-23S-31E,3360.0,,,Single,False,,,99999.0,32.3207999999999,-103.775600001,NAD83
30-015-27872,"[] DEVON ENERGY PRODUCTION COMPANY, LP",Cancelled Apd,Oil,New,,No,Federal,Federal,C-35-18S-31E,3641.0,,,Single,False,,,0.0,32.7103946384749,-103.843025017416,NAD83
30-015-27882,[] Spur Energy Partners LLC,Active,Salt Water Disposal,Plugback,Vertical,No,Federal,Federal,B-11-17S-29E,3641.0,,,Single,False,04/19/1994,08/29/2025,10910.0,32.8544502,-104.0433884,NAD83
30-015-27884,"[] HARVARD PETROLEUM COMPANY, LLC",Active,Oil,New,Vertical,No,Federal,Federal,L-27-23S-31E,3384.0,,,Single,False,08/23/1994,05/26/2021,8200.0,32.2735939,-103.7725601,NAD83
30-015-27898,[] DEVON ENERGY OPERATING COMPANY LP,Cancelled Apd,Oil,New,,No,Federal,Federal,O-25-22S-30E,3327.0,,,Single,False,,,0.0,32.3567120031506,-103.830975991684,NAD83
30-015-27922,[] BURNETT OIL CO INC,Active,Oil,New,Vertical,No,Federal,Federal,G-23-17S-30E,3662.0,,,Single,False,07/06/1994,07/08/2025,3203.0,32.8211517,-103.9395523,NAD83
30-015-27936,[] OXY USA INC,Active,Oil,New,Vertical,No,Federal,Federal,F-34-23S-31E,3416.0,,,Single,False,07/24/1994,02/03/2022,8225.0,32.2663345,-103.7720642,NAD83
30-015-27938,[] DEVON SFS OPERATING INC,Cancelled Apd,Oil,New,,No,Federal,Federal,F-34-23S-31E,3444.0,,,Single,False,,,0.0,32.2629300486167,-103.76669075519,NAD83
30-015-28001,"[] XTO ENERGY, INC",Cancelled Apd,Oil,New,,No,State,State,P-12-23S-29E,2998.0,,,Single,False,,,0.0,32.3132466944977,-103.932901538664,NAD83
30-015-28020,"[] BEPCO, LP","Plugged, Site Released",Oil,New,Vertical,No,Federal,Federal,A-19-21S-29E,3280.0,,,Single,False,08/17/1994,,5100.0,32.4703636,-104.0164871,NAD83
30-015-28036,[] PRE-ONGARD WELL OPERATOR,"Plugged, Site Released",Oil,New,,No,Federal,Federal,L-01-17S-29E,,,,,False,01/01/1900,,0.0,32.8624115,-104.0340576,NAD83
30-015-28113,[] SONAT EXPLORATION COMPANY,Cancelled Apd,Oil,New,,No,State,State,M-02-24S-31E,3494.0,,,Single,False,,,0.0,32.2409480633138,-103.754990894231,NAD83
30-015-28136,[] SIETE OIL & GAS CORP,Cancelled Apd,Injection,New,,No,Federal,Federal,J-35-19S-29E,3338.0,,,Single,False,,,0.0,32.6170058708438,-104.04187118686,NAD83
30-015-28143,[] OXY USA WTP LIMITED PARTNERSHIP,"Plugged, Site Released",Oil,New,Vertical,No,Federal,Federal,2-02-21S-23E,3696.0,,,Single,False,12/18/1994,05/17/2013,8000.0,32.5130692,-104.5720139,NAD83
30-015-28189,"[] RILEY PERMIAN OPERATING COMPANY, LLC","Plugged, Not Released",Oil,New,Vertical,No,Private,Private,D-07-18S-27E,3294.0,,,Single,False,01/14/1995,08/23/2024,1955.0,32.7670326,-104.3231735,NAD83
30-015-28204,[] K P KAUFFMAN COMPANY INC,Active,Injection,New,Vertical,No,Federal,Federal,K-35-18S-31E,3649.0,,,Single,False,10/25/1997,11/26/2024,4156.0,32.7085991,-103.832634,NAD83
30-015-28213,"[] Tascosa Energy Partners, L.L.C",Active,Oil,New,Vertical,No,State,State,J-16-21S-26E,3315.0,,,Single,False,02/25/1995,07/07/2022,3450.0,32.4782066,-104.2968674,NAD83
30-015-28258,[] OXY USA WTP LIMITED PARTNERSHIP,"Plugged, Site Released",Oil,New,Vertical,No,State,State,M-02-21S-23E,3727.0,,,Single,False,05/23/1995,12/22/2016,8052.0,32.5021858,-104.5795135,NAD83
30-015-28273,[] FLARE OIL INC,"Plugged, Not Released",Oil,New,Vertical,No,Private,Private,F-22-23S-28E,3013.0,,,Single,False,02/17/1995,12/02/2025,6316.0,32.2920265,-104.0766296,NAD83
30-015-28333,[] Spur Energy Partners LLC,Active,Oil,New,Vertical,No,Federal,Federal,J-19-17S-30E,3630.0,,,Single,False,12/15/1996,07/17/2024,4740.0,32.8200264,-104.0092087,NAD83
30-015-28389,[] POGO PRODUCING CO,Cancelled Apd,Oil,New,,No,Federal,Federal,F-23-24S-29E,2999.0,,,,False,,,0.0,32.204434413058,-103.957355686578,NAD83
30-015-28394,[] MARALO LLC,Cancelled Apd,Gas,New,,No,Federal,Federal,G-31-23S-30E,3111.0,,,,False,,09/29/2004,0.0,32.2640350101856,-103.919722060429,NAD83
30-015-28418,"[] EOG Y RESOURCES, INC.","Plugged, Site Released",Oil,New,Vertical,No,State,State,E-32-19S-24E,3814.0,,,Single,False,05/05/1995,10/06/2005,4240.0,32.6192589,-104.6168365,NAD83
30-015-28438,"[] RAY WESTALL OPERATING, INC.",Active,Oil,New,Vertical,No,Federal,Federal,F-01-18S-30E,3566.0,,,Single,False,05/27/1995,07/27/2018,3850.0,32.778019,-103.9286652,NAD83
30-015-28443,"[] Saguaro Petroleum, LLC",Active,Oil,New,Vertical,No,Federal,Federal,B-07-18S-27E,3419.0,,,Single,False,10/20/1995,08/23/2024,2100.0,32.7687035,-104.3148575,NAD83
30-015-28474,[] CHEVRON U S A INC,Cancelled Apd,Oil,New,,No,Federal,Federal,P-01-23S-28E,3041.0,,,,False,,,0.0,32.3305399999999,-104.03439,NAD83
30-015-28486,[] POGO PRODUCING CO,Cancelled Apd,Oil,New,,No,State,Private,C-16-24S-29E,2925.0,,,,False,,09/30/1999,0.0,32.2230770635526,-103.99111218086,NAD83
30-015-28488,"[] LINN OPERATING, LLC.","Plugged, Site Released",Oil,New,Vertical,No,Federal,Federal,G-06-17S-31E,3750.0,,,Single,False,06/02/1995,08/16/2012,4025.0,32.8669434,-103.9054337,NAD83
30-015-28507,[] DOMINION OKLAHOMA TEXAS EXPL. & PROD INC,Cancelled Apd,Oil,New,,No,State,State,P-32-22S-26E,3362.0,,,,False,,04/13/1998,0.0,32.3438240795786,-104.308743830003,NAD83
30-015-28520,"[] DEVON ENERGY PRODUCTION COMPANY, LP","Plugged, Site Released",Oil,New,Vertical,No,State,Federal,F-36-23S-31E,3500.0,,,Single,False,11/18/1995,02/25/2021,8707.0,32.2631149,-103.7346954,NAD83
30-015-28536,"[] LH Operating, LLC",Active,Oil,New,Vertical,No,Federal,Federal,G-04-17S-31E,3936.0,,,Single,False,10/29/1995,06/11/2020,4365.0,32.8671227,-103.8748016,NAD83
30-015-28543,"[] RILEY PERMIAN OPERATING COMPANY, LLC","Plugged, Not Released",Oil,Plugback,Vertical,No,Private,Private,F-09-19S-25E,3527.0,,,Single,False,07/27/1995,08/13/2024,8250.0,32.6775055,-104.4919357,NAD83
30-015-28585,[] Spur Energy Partners LLC,Active,Oil,New,Vertical,No,Federal,Federal,A-26-17S-29E,3578.0,,,Single,False,10/16/1995,09/17/2020,4710.0,32.8127403,-104.0389938,NAD83
30-015-28606,[] MATADOR OPERATING CO,Cancelled Apd,Oil,New,,No,Federal,Federal,H-11-25S-26E,3345.0,,,,False,,12/14/2007,0.0,32.1461584058023,-104.257316455772,NAD83
30-015-28608,[] CABAL ENERGY CORPORATION,"Plugged, Site Released",Oil,New,Vertical,No,Federal,Private,H-10-25S-25E,3500.0,,,Single,False,10/14/1995,,5250.0,32.1452713,-104.3762436,NAD83
30-015-28612,"[] MERIT ENERGY COMPANY, LLC",Cancelled Apd,Oil,New,,No,Federal,Federal,L-04-24S-31E,3422.0,,,,False,,,0.0,32.24437,-103.78837,NAD83
30-015-28624,[] CHEVRON U S A INC,"Plugged, Site Released",Gas,New,Vertical,No,Federal,Federal,J-08-22S-23E,4183.0,,,Single,False,10/02/1995,04/12/2004,7108.0,32.4032059,-104.6195068,NAD83
30-015-28636,[] OXY USA INC,"Plugged, Not Released",Oil,New,Vertical,No,State,Private,P-16-24S-29E,2925.0,,,Single,False,12/26/1995,02/25/2020,7815.0,32.2112389,-103.983017,NAD83
30-015-28653,[] CHEVRON U S A INC,"Plugged, Site Released",Oil,New,Vertical,No,Federal,Federal,A-01-24S-31E,3526.0,,,Single,False,10/08/1995,04/24/2023,8650.0,32.2527313,-103.7241745,NAD83
30-015-28661,"[] XTO ENERGY, INC",Active,Injection,New,Vertical,No,State,State,N-30-20S-28E,3267.0,,,Single,False,05/31/1996,06/27/2024,3820.0,32.5400009,-104.2174683,NAD83
30-015-28715,[] OXY USA INC,"Plugged, Site Released",Oil,New,Vertical,No,Federal,Federal,I-21-24S-29E,2945.0,,,Single,False,09/14/1996,02/20/2018,5450.0,32.2005081,-103.983902,NAD83
30-015-28739,"[] EOG Y RESOURCES, INC.",Cancelled Apd,Oil,New,,No,State,State,G-16-19S-25E,3480.0,,,,False,,10/18/1999,0.0,32.6637959744074,-104.487665265979,NAD83
30-015-28742,"[] EOG Y RESOURCES, INC.",Cancelled Apd,Oil,New,,No,Federal,Private,L-10-19S-25E,3488.0,,,,False,,01/02/2001,0.0,32.673734609994,-104.479098695863,NAD83
30-015-28774,"[] EOG Y RESOURCES, INC.",Cancelled Apd,Oil,New,,No,Private,Private,G-15-19S-25E,3444.0,,,,False,,09/27/1999,0.0,32.6637024345523,-104.470497584697,NAD83
30-015-28782,"[] Saguaro Petroleum, LLC",Active,Oil,New,Vertical,No,Federal,Federal,I-08-18S-27E,3495.0,,,Single,False,04/10/1996,09/01/2020,2350.0,32.7620354,-104.2951584,NAD83
30-015-28801,[] Spur Energy Partners LLC,Active,Oil,Plugback,Vertical,No,State,State,M-27-19S-25E,3458.0,,,Single,False,02/04/1996,11/22/2022,7975.0,32.6266365,-104.477684,NAD83
30-015-28823,[] OXY USA WTP LIMITED PARTNERSHIP,"Plugged, Site Released",Oil,New,Vertical,No,Federal,Federal,K-01-21S-23E,3728.0,,,Single,False,02/24/1996,04/04/2012,9660.0,32.5059471,-104.559166,NAD83
30-015-28888,"[] LH Operating, LLC",Active,Oil,New,Vertical,No,Federal,Federal,E-17-17S-31E,3726.0,,,Single,False,05/10/1996,06/16/2020,3870.0,32.837719,-103.8973541,NAD83
30-015-28898,[] Spur Energy Partners LLC,Active,Oil,Plugback,Vertical,No,Federal,Private,J-11-19S-25E,3423.0,,,Single,False,01/06/1998,08/02/2024,8140.0,32.6735954,-104.4533615,NAD83
30-015-28913,[] Spur Energy Partners LLC,Active,Oil,New,Vertical,No,Federal,Federal,D-25-17S-29E,3593.0,,,Single,False,05/23/1996,09/16/2020,4786.0,32.8109932,-104.0326309,NAD83
30-015-28930,"[] DEVON ENERGY PRODUCTION COMPANY, LP","Plugged, Site Released",Oil,New,Vertical,No,Federal,Federal,E-14-24S-29E,2934.0,,,Single,False,02/20/1997,02/15/2018,8350.0,32.2194252,-103.9627075,NAD83
30-015-28980,"[] CHEVRON MIDCONTINENT, L.P.","Plugged, Not Released",Oil,New,Vertical,No,Private,Private,K-27-23S-28E,3054.0,,,Single,False,06/11/1996,01/11/2023,6500.0,32.2738838,-104.0777435,NAD83
30-015-28991,[] ENERSTAR RESOURCES LTD CO.,"Plugged, Site Released",Oil,New,Vertical,No,Private,Private,A-14-22S-27E,3071.0,,,Single,False,05/24/1996,10/18/1999,7708.0,32.399147,-104.153862,NAD83
30-015-29001,"[] LH Operating, LLC",Active,Injection,New,Vertical,No,Federal,Federal,O-18-17S-31E,3689.0,,,Single,False,06/20/1996,11/04/2024,3785.0,32.8288116,-103.9066696,NAD83
30-015-29022,[] EOG RESOURCES INC,"Plugged, Site Released",Gas,New,Vertical,No,Federal,Federal,E-26-18S-29E,3430.0,,,Single,False,07/16/1996,12/17/2020,11790.0,32.7205315,-104.0507736,NAD83
30-015-29036,[] MARATHON OIL CO,Cancelled Apd,Oil,New,,No,Federal,Federal,P-28-21S-24E,4086.0,,,,False,,,0.0,32.445104923492,-104.495486997976,NAD83
30-015-29043,[] STEPHENS & JOHNSON OP CO,"Plugged, Site Released",Oil,New,Vertical,No,State,State,J-11-19S-28E,3437.0,,,Single,False,08/11/1996,10/11/2011,2746.0,32.6735535,-104.1448288,NAD83
30-015-29051,"[] RILEY PERMIAN OPERATING COMPANY, LLC",Active,Oil,New,Vertical,No,Federal,Federal,B-04-18S-27E,2500.0,,,Single,False,10/29/1996,08/26/2020,2400.0,32.7825661,-104.2821503,NAD83
30-015-29065,"[] RILEY PERMIAN OPERATING COMPANY, LLC",Active,Oil,New,Vertical,No,Federal,Federal,A-04-18S-27E,3530.0,,,Single,False,10/17/1996,08/26/2020,2500.0,32.782074,-104.2778473,NAD83
30-015-29201,[] WISER OIL CO (THE),Cancelled Apd,Oil,New,,No,Federal,Federal,F-14-17S-31E,3912.0,,,,False,,,0.0,32.8380319851962,-103.844264077855,NAD83
30-015-29221,[] EOG RESOURCES INC,Active,Gas,New,Vertical,No,Federal,Private,H-01-18S-29E,3527.0,,,Single,False,10/22/1996,09/30/2020,11645.0,32.7778015,-104.0218887,NAD83
30-015-29249,"[] DEVON ENERGY PRODUCTION COMPANY, LP","Plugged, Site Released",Oil,New,Vertical,No,Federal,Federal,N-11-24S-29E,2953.0,,,Single,False,01/21/1997,09/07/2023,8300.0,32.2272186,-103.9569855,NAD83
30-015-29273,"[] LH Operating, LLC",Active,Oil,New,Vertical,No,Federal,Federal,P-14-17S-31E,3891.0,,,Single,False,12/17/1996,09/01/2021,4120.0,32.827446,-103.8355408,NAD83
30-015-29275,[] OXY USA INC,Active,Oil,New,Vertical,No,Federal,Federal,H-33-23S-31E,3402.0,,,Single,False,12/10/1996,01/10/2018,8200.0,32.2627068,-103.7774048,NAD83
30-015-29303,[] COG OPERATING LLC,"Plugged, Site Released",Oil,New,Vertical,No,Federal,Federal,H-26-17S-29E,3584.0,,,Single,False,03/29/1997,06/12/2018,4820.0,32.8073654,-104.0370102,NAD83
30-015-29310,[] OXY USA INC,"Plugged, Site Released",Oil,New,Vertical,No,State,Private,B-15-24S-29E,2930.0,,,Single,False,03/05/1997,08/10/2023,8050.0,32.2239799,-103.9691086,NAD83
30-015-29341,[] APACHE CORPORATION,"Plugged, Site Released",Oil,New,Vertical,No,Federal,Federal,G-27-17S-29E,3538.0,,,Single,False,10/09/1997,01/25/2024,6600.0,32.8064575,-104.0615387,NAD83
30-015-29352,[] Spur Energy Partners LLC,Active,Oil,New,Vertical,No,State,Private,I-26-17S-28E,3662.0,,,Single,False,02/10/1997,05/27/2020,3505.0,32.8055344,-104.1395569,NAD83
30-015-29369,[] MEWBOURNE OIL CO,Active,Oil,New,Vertical,No,Private,Private,D-25-22S-27E,3066.0,,,Single,False,03/28/1997,02/12/2025,4575.0,32.3679314,-104.1500092,NAD83
30-015-29371,[] CIMAREX ENERGY CO. OF COLORADO,"Plugged, Site Released",Oil,New,Vertical,No,Federal,Federal,H-28-26S-29E,2899.0,,,Single,False,03/19/1997,10/13/2009,6432.0,32.0164795,-103.9817734,NAD83
30-015-29400,"[] LH Operating, LLC",Active,Oil,New,Vertical,No,Federal,Federal,A-17-17S-31E,3778.0,,,Single,False,08/15/1997,06/12/2020,3834.0,32.841095,-103.8844681,NAD83
30-015-29416,[] MATADOR PRODUCTION COMPANY,Active,Oil,New,Vertical,No,Federal,Federal,N-05-18S-31E,3698.0,,,Single,False,03/15/1997,10/22/2020,8500.0,32.7728996,-103.896019,NAD83
30-015-29419,[] CHEVRON U S A INC,"Plugged, Site Released",Oil,New,Vertical,No,Federal,Federal,P-22-17S-31E,3838.0,,,Single,False,03/16/1997,11/25/2002,8000.0,32.813839,-103.8506622,NAD83
30-015-29421,[] Spur Energy Partners LLC,"Plugged, Not Released",Gas,Re-entry,Vertical,No,State,State,I-32-17S-27E,3475.0,,,Single,False,07/31/1997,08/29/2024,3009.0,32.7891655,-104.2950363,NAD83
30-015-29431,[] EOG RESOURCES INC,"Plugged, Site Released",Oil,New,Vertical,No,Federal,Private,P-10-19S-25E,3452.0,,,Single,False,05/28/1997,06/14/2021,8230.0,32.6700249,-104.4662094,NAD83
30-015-29505,[] POGO PRODUCING CO,Cancelled Apd,Oil,New,,No,Federal,Federal,C-34-22S-26E,3253.0,,,,False,,,0.0,32.3527070888671,-104.284627290706,NAD83
30-015-29507,[] DEVON ENERGY PRODUCTION CO.,Cancelled Apd,Oil,New,,No,State,State,E-28-23S-26E,3356.0,,,,False,,11/04/1999,0.0,32.2769603572638,-104.304773208811,NAD83
30-015-29523,[] PENWELL ENERGY INC,Cancelled Apd,Gas,New,,No,State,Private,L-13-21S-27E,3192.0,,,,False,,,0.0,32.4784542381064,-104.149691772436,NAD83
30-015-29533,[] PENWELL ENERGY INC,Cancelled Apd,Oil,New,,No,State,Private,E-13-21S-27E,3173.0,,,,False,,,0.0,32.4821368426887,-104.149704617829,NAD83
30-015-29538,"[] BLACK HILLS GAS RESOURCES, INC.",Cancelled Apd,Oil,New,,No,State,State,D-16-24S-26E,3443.0,,,,False,,09/28/1999,0.0,32.2231086332416,-104.304810269079,NAD83
30-015-29542,"[] RILEY PERMIAN OPERATING COMPANY, LLC",Active,Oil,New,Vertical,No,Federal,Federal,B-03-18S-27E,3586.0,,,Single,False,05/31/1997,08/25/2020,2699.0,32.780632,-104.2639618,NAD83
30-015-29544,"[] RILEY PERMIAN OPERATING COMPANY, LLC",Active,Oil,New,Vertical,No,Federal,Federal,D-03-18S-27E,3571.0,,,Single,False,06/06/1997,08/25/2020,2649.0,32.7810364,-104.2717133,NAD83
30-015-29549,"[] DEVON ENERGY PRODUCTION COMPANY, LP",Active,Salt Water Disposal,New,Vertical,No,Federal,Federal,D-20-23S-30E,3153.0,,,Single,False,04/29/1997,07/16/2025,7800.0,32.2968178,-103.9101791,NAD83
30-015-29552,[] XTO PERMIAN OPERATING LLC.,"Plugged, Site Released",Oil,New,Vertical,No,Federal,Federal,H-20-24S-31E,3515.0,,,Single,False,07/13/1997,10/23/2020,8306.0,32.2046242,-103.7933807,NAD83
30-015-29580,[] CHEVRON U S A INC,Active,Oil,New,Vertical,No,Federal,Federal,F-24-22S-31E,3562.0,,,,False,06/13/1997,09/23/2024,8542.0,32.3787727,-103.7336578,NAD83
30-015-29602,"[] MESQUITE SWD, INC","Plugged, Site Released",Salt Water Disposal,Re-entry,Vertical,No,Federal,Federal,K-12-24S-31E,3541.0,,,Single,False,08/09/1997,01/23/2018,8554.0,32.229847,-103.733902,NAD83
30-015-29650,"[] RILEY PERMIAN OPERATING COMPANY, LLC",Active,Oil,New,Vertical,No,Federal,Federal,C-05-18S-27E,3481.0,,,Single,False,10/18/2001,12/24/2024,3450.0,32.7811546,-104.3016129,NAD83
30-015-29652,"[] WPX Energy Permian, LLC",Active,Oil,New,Vertical,No,Federal,Federal,C-27-26S-30E,3018.0,,,Single,False,09/09/1997,05/02/2022,6050.0,32.0188637,-103.871315,NAD83
30-015-29689,"[] DEVON ENERGY PRODUCTION COMPANY, LP",Cancelled Apd,Oil,New,,No,Federal,State,M-10-18S-27E,3460.0,,,,False,,,0.0,32.7577720051909,-104.274223897135,NAD83
30-015-29697,[] Spur Energy Partners LLC,Active,Oil,New,Vertical,No,State,State,F-30-17S-29E,3652.0,,,Single,False,07/22/1998,07/13/2023,4287.0,32.8083267,-104.1174164,NAD83
30-015-29727,"[] DEVON ENERGY PRODUCTION COMPANY, LP",Cancelled Apd,Oil,New,,No,Federal,State,M-10-18S-27E,3430.0,,,,False,,,0.0,32.755251182395,-104.272515146619,NAD83
30-015-29746,"[] Permian Resources Operating, LLC",Active,Gas,New,Vertical,No,Federal,Federal,N-11-21S-26E,3161.0,,,,False,12/01/1997,03/27/2024,11226.0,32.4892616,-104.26577,NAD83
30-015-29803,[] COG OPERATING LLC,"Plugged, Site Released",Oil,New,Vertical,No,Federal,Federal,A-27-17S-27E,3579.0,,,Single,False,12/11/1997,06/30/2014,3460.0,32.8108711,-104.2590714,NAD83
30-015-29819,"[] BLACK HILLS GAS RESOURCES, INC.",Cancelled Apd,Oil,New,,No,Federal,Federal,D-15-24S-26E,3360.0,,,,False,,,0.0,32.2231608907685,-104.287364082236,NAD83
30-015-29831,"[] BLACK HILLS GAS RESOURCES, INC.",Cancelled Apd,Oil,New,,No,Federal,Federal,D-10-24S-26E,3360.0,,,,False,,,0.0,32.2376716132213,-104.287509499867,NAD83
30-015-29833,"[] WPX Energy Permian, LLC","Plugged, Site Released",Gas,New,Vertical,No,Federal,Federal,K-22-22S-26E,3349.0,,,Single,False,09/30/1997,12/31/2019,11850.0,32.3760796,-104.2809448,NAD83
30-015-29836,[] BURNS OPERATING,Cancelled Apd,Oil,New,,No,Federal,Federal,P-10-17S-31E,3909.0,,,,False,,,0.0,32.842814756223,-103.851224419817,NAD83
30-015-29845,"[] BLACK HILLS GAS RESOURCES, INC.",Cancelled Apd,Oil,New,,No,State,State,B-16-24S-26E,3393.0,,,,False,,09/28/1999,0.0,32.2231335369718,-104.295941802543,NAD83
30-015-29848,[] OXY USA INC,"Plugged, Site Released",Gas,New,Vertical,No,Federal,Federal,F-21-17S-27E,3462.0,,,Single,False,01/02/1998,,9318.0,32.8223343,-104.2866669,NAD83
30-015-29877,[] ANADARKO PETROLEUM CORP,Cancelled Apd,Oil,New,,No,Federal,Private,P-06-18S-29E,3594.0,,,,False,,,0.0,32.77102,-104.10728,NAD83
30-015-29901,[] SOUTHWEST ROYALTIES INC,Cancelled Apd,Oil,New,,No,Federal,Federal,G-17-17S-30E,3669.0,,,,False,,,0.0,32.8367961802684,-103.993172890329,NAD83
30-015-29949,[] COG OPERATING LLC,Cancelled Apd,Oil,New,,No,Federal,Federal,J-30-23S-30E,3083.0,,,,False,,,0.0,32.2758001218654,-103.919755842336,NAD83
30-015-29957,"[] BLACK HILLS GAS RESOURCES, INC.",Cancelled Apd,Oil,New,,No,Federal,Federal,A-09-24S-26E,3381.0,,,,False,,,0.0,32.2376875464074,-104.291799743656,NAD83
30-015-29970,[] DEVON ENERGY PRODUCTION CO.,Cancelled Apd,Oil,New,,No,Federal,Federal,F-01-24S-30E,3443.0,,,,False,,,0.0,32.24891,-103.835800001,NAD83
30-015-29998,[] OLEUM Energy LLC,Active,Oil,New,Vertical,No,State,Private,C-35-17S-28E,3684.0,,,,False,02/04/1998,06/10/2020,3000.0,32.7975273,-104.1501465,NAD83
30-015-30037,[] Spur Energy Partners LLC,Active,Oil,Deepen,Vertical,No,State,Private,L-20-17S-29E,3646.0,,,Single,False,08/09/1999,08/26/2020,5470.0,32.817379,-104.104538,NAD83
30-015-30069,[] POGO PRODUCING CO,Cancelled Apd,Oil,New,,No,Federal,Federal,C-13-25S-29E,3130.0,,,,False,,,0.0,32.1356002885393,-103.940167603708,NAD83
30-015-30074,[] SONAT EXPLORATION COMPANY,Cancelled Apd,Oil,New,,No,State,State,D-02-24S-31E,3467.0,,,,False,,,0.0,32.2518315391764,-103.754967122024,NAD83
30-015-30113,"[] DEVON ENERGY PRODUCTION COMPANY, LP","Plugged, Site Released",Salt Water Disposal,New,Vertical,No,Federal,Federal,E-28-23S-29E,2995.0,,,Single,False,05/03/1998,08/19/2021,10180.0,32.2777977,-103.996315,NAD83
30-015-30205,[] POGO PRODUCING CO,Cancelled Apd,Oil,New,,No,State,State,A-03-23S-26E,3262.0,,,,False,,,0.0,32.3405199999999,-104.27238,NAD83
30-015-30238,[] SOUTHWEST ROYALTIES INC,Active,Oil,New,Vertical,No,Federal,Federal,J-12-23S-31E,3505.0,,,Single,False,08/06/1998,04/05/2022,8450.0,32.3170471,-103.729393,NAD83
30-015-30240,"[] RILEY PERMIAN OPERATING COMPANY, LLC",Active,Gas,New,Vertical,No,State,State,F-09-17S-27E,3368.0,,,Single,False,07/18/1998,07/17/2024,9150.0,32.8520012,-104.2846451,NAD83
30-015-30276,[] HILCORP ENERGY COMPANY,Active,Oil,New,Vertical,No,State,Private,B-33-17S-28E,3677.0,,,Single,False,07/16/1998,06/05/2020,2950.0,32.7975807,-104.177597,NAD83
30-015-30322,[] OXY USA WTP LIMITED PARTNERSHIP,"Plugged, Site Released",Oil,New,Vertical,No,State,Private,A-33-18S-28E,3537.0,,,Single,False,07/02/1998,09/12/2023,99999.0,32.7091789,-104.1738205,NAD83
30-015-30342,"[] J & J Investments, LLC",Active,Oil,New,Vertical,No,Federal,Federal,D-27-17S-30E,3622.0,,,Single,False,07/21/2000,07/19/2018,3500.0,32.8119125,-103.9673309,NAD83
30-015-30356,[] Spur Energy Partners LLC,Active,Oil,New,Vertical,No,Federal,Federal,G-29-17S-29E,3598.0,,,Single,False,12/18/1998,09/23/2020,5215.0,32.8082771,-104.0956039,NAD83
30-015-30375,[] OXY USA INC,Active,Oil,New,Vertical,No,State,Private,N-10-24S-29E,2944.0,,,,False,01/13/2001,05/08/2018,6934.0,32.2267151,-103.9734726,NAD83
30-015-30384,[] HILCORP ENERGY COMPANY,Active,Oil,New,Vertical,No,Federal,Federal,M-18-17S-31E,3752.0,,,Single,False,03/14/2000,06/16/2020,5195.0,32.828167,-103.9145203,NAD83
30-015-30390,[] MEWBOURNE OIL CO,Active,Gas,New,Vertical,No,State,State,O-36-20S-27E,3235.0,,,Single,False,12/02/1998,02/15/2024,11400.0,32.5243759,-104.2326126,NAD83
30-015-30413,[] POGO PRODUCING COMPANY LLC,Cancelled Apd,Oil,New,,No,Federal,Federal,P-27-23S-30E,3368.0,,,,False,,,0.0,32.2704673680636,-103.862432158569,NAD83
30-015-30430,[] PREMIER OIL & GAS INC,Active,Oil,New,Vertical,No,Federal,Federal,L-22-17S-30E,3647.0,,,Single,False,11/04/1998,11/04/2025,5200.0,32.8191681,-103.9651947,NAD83
30-015-30531,"[] EOG Y RESOURCES, INC.",Cancelled Apd,Gas,New,,No,Federal,Federal,A-01-22S-23E,3928.0,,,,False,,,0.0,32.4253199999999,-104.547659999999,NAD83
30-015-30565,[] MEWBOURNE OIL CO,Active,Oil,New,Vertical,No,State,State,A-27-18S-28E,3560.0,,,Single,False,02/21/1999,02/28/2024,10050.0,32.7243233,-104.1583099,NAD83
30-015-30572,[] OXY USA WTP LIMITED PARTNERSHIP,Active,Gas,New,Vertical,No,Federal,Federal,L-28-21S-24E,3778.0,,,Single,False,03/06/1999,07/01/2022,8200.0,32.4469528,-104.5080109,NAD83
30-015-30574,[] SDX RESOURCES INC,Cancelled Apd,Oil,New,,No,Federal,Federal,P-35-18S-30E,3509.0,,,,False,,,0.0,32.6978592409247,-103.936890083267,NAD83
30-015-30618,[] OXY USA WTP LIMITED PARTNERSHIP,"Plugged, Not Released",Gas,New,Vertical,No,State,Federal,D-32-21S-24E,3791.0,,,Single,False,05/17/1999,08/31/2018,8105.0,32.4407463,-104.52742,NAD83
30-015-30621,"[] ROVER OPERATING, LLC",Active,Gas,New,Vertical,No,State,State,K-02-22S-23E,3986.0,,,Single,False,04/07/2001,01/26/2024,7823.0,32.4177895,-104.5738907,NAD83
30-015-30640,"[] CHISOS, LTD",Active,Gas,New,Vertical,No,Federal,Federal,L-06-19S-30E,3414.0,,,Single,False,07/07/2000,06/28/2024,11750.0,32.687748,-104.0174484,NAD83
30-015-30664,[] CHI OPERATING INC,"Plugged, Site Released",Gas,New,Vertical,No,State,State,G-08-17S-28E,3517.0,,,Single,False,07/06/1999,06/29/2006,9920.0,32.8521919,-104.1949081,NAD83
30-015-30732,[] Spur Energy Partners LLC,Active,Oil,New,Vertical,No,State,Private,I-20-17S-29E,3604.0,,,Single,False,04/08/2000,08/26/2020,4370.0,32.8191528,-104.0916138,NAD83
30-015-30747,[] CHEVRON U S A INC,Cancelled Apd,Gas,New,,No,State,State,N-36-16S-31E,4064.0,,,,False,,,0.0,32.872832002848,-103.82642167757,NAD83
30-015-30757,[] EOG RESOURCES INC,"Plugged, Not Released",Gas,New,Vertical,No,State,State,M-29-23S-25E,3818.0,,,Single,False,10/21/1999,08/29/2024,11010.0,32.2710915,-104.4231339,NAD83
30-015-30774,"[] DEVON ENERGY PRODUCTION COMPANY, LP","Plugged, Site Released",Oil,New,Vertical,No,Federal,Federal,M-29-18S-31E,3577.0,,,Single,False,01/07/2000,11/19/2020,6193.0,32.7139549,-103.8970413,NAD83
30-015-30806,"[] PERMEX PETROLEUM COMPANY, LLC",Active,Oil,New,Vertical,No,Federal,Federal,G-14-20S-28E,3241.0,,,Single,False,12/29/1999,12/27/2023,873.0,32.5746307,-104.1470566,NAD83
30-015-30808,[] E G L RESOURCES INC,"Plugged, Site Released",Gas,New,Vertical,No,Federal,Federal,D-27-20S-28E,3223.0,,,Single,False,11/15/1999,,801.0,32.5499802,-104.1714478,NAD83
30-015-30897,[] MACK ENERGY CORP,"Plugged, Not Released",Gas,New,Vertical,No,State,Private,P-20-18S-24E,3808.0,,,Single,False,03/25/2000,07/18/2024,8700.0,32.7300797,-104.6055984,NAD83
30-015-30948,[] OXY USA WTP LIMITED PARTNERSHIP,"Plugged, Site Released",Salt Water Disposal,New,Vertical,No,Federal,Federal,G-04-22S-24E,4150.0,,,Single,False,02/15/2000,08/16/2011,12000.0,32.4222717,-104.5016861,NAD83
30-015-30959,[] EOG RESOURCES INC,Cancelled Apd,Oil,New,,No,Federal,Federal,I-27-26S-30E,3010.0,,,,False,,,0.0,32.0110399161133,-103.862682688223,NAD83
30-015-31006,"[] BOPCO, L.P.","Plugged, Site Released",Oil,New,Vertical,No,Federal,Federal,J-31-23S-30E,3145.0,,,Single,False,03/16/2000,12/18/2017,7447.0,32.2603378,-103.9180756,NAD83
30-015-31012,"[] JKM ENERGY, LLC",Active,Gas,New,Vertical,No,State,State,M-02-19S-29E,3368.0,,,Single,False,06/03/2000,03/08/2021,11630.0,32.6850243,-104.0509491,NAD83
30-015-31045,"[] EOG Y RESOURCES, INC.",Cancelled Apd,Gas,New,,No,State,State,D-32-23S-25E,3912.0,,,,False,,,0.0,32.265378489522,-104.423126741979,NAD83
30-015-31053,"[] LONGFELLOW ENERGY, LP",Active,Oil,New,Vertical,No,State,State,G-20-17S-29E,3613.0,,,Single,False,04/20/2000,08/26/2020,5000.0,32.8228264,-104.0959167,NAD83
30-015-31095,[] ARCO PERMIAN,Cancelled Apd,Oil,New,,No,Federal,Federal,G-01-23S-31E,3508.0,,,,False,,,0.0,32.3351435915737,-103.729438800876,NAD83
30-015-31098,[] OXY USA WTP LIMITED PARTNERSHIP,"Plugged, Site Released",Gas,New,Vertical,No,Federal,Federal,E-04-20S-27E,3394.0,,,Single,False,05/20/2001,12/11/2000,10765.0,32.6044846,-104.2923355,NAD83
30-015-31117,[] GP II ENERGY INC,Cancelled Apd,Oil,New,,No,Federal,Federal,L-31-16S-31E,3800.0,,,,False,,,0.0,32.8779505529997,-103.912667344282,NAD83
30-015-31123,"[] Contango Resources, LLC","Plugged, Site Released",Gas,New,Vertical,No,State,State,H-36-17S-27E,3634.0,,,Single,False,03/19/2001,12/03/2021,10050.0,32.792305,-104.2260742,NAD83
30-015-31171,[] Spur Energy Partners LLC,Active,Gas,New,Vertical,No,Federal,Federal,E-03-17S-28E,3524.0,,,Single,False,06/07/2000,05/21/2020,10023.0,32.8663788,-104.170433,NAD83
30-015-31201,[] PREMIER OIL & GAS INC,Active,Oil,New,Vertical,No,Federal,Federal,I-15-17S-30E,3695.0,,,Single,False,04/13/2002,07/10/2018,5003.0,32.8341141,-103.9523468,NAD83
30-015-31224,"[] LONGFELLOW ENERGY, LP",Active,Oil,New,Vertical,No,Federal,Federal,A-19-17S-29E,3651.0,,,Single,False,07/29/2000,08/20/2020,4805.0,32.8246574,-104.1066971,NAD83
30-015-31226,"[] LONGFELLOW ENERGY, LP",Active,Oil,New,Vertical,No,Federal,Federal,B-19-17S-29E,3671.0,,,Single,False,09/07/2000,08/20/2020,4550.0,32.8246574,-104.1109924,NAD83
30-015-31243,[] OXY USA WTP LIMITED PARTNERSHIP,Cancelled Apd,Gas,New,,No,Private,Private,P-20-21S-27E,3198.0,,,,False,,,0.0,32.4615848398147,-104.206823064606,NAD83
30-015-31253,[] HILCORP ENERGY COMPANY,Active,Oil,New,Vertical,No,Federal,Federal,I-18-17S-31E,3700.0,,,Single,False,10/09/2000,06/16/2020,5190.0,32.8336258,-103.9037857,NAD83
30-015-31298,[] MANZANO OIL CORP,"Plugged, Site Released",Gas,New,Vertical,No,Federal,Federal,J-30-21S-22E,4526.0,,,Single,False,09/18/2000,,8960.0,32.4472885,-104.7402878,NAD83
30-015-31309,[] MEWBOURNE OIL CO,Cancelled Apd,Gas,New,,No,Federal,Federal,E-34-16S-28E,3557.0,,,Single,False,,,0.0,32.8803250825663,-104.170392978044,NAD83
30-015-31319,"[] LLJ VENTURES, LLC DBA MARKER OIL & GAS",Reclamation Fund Approved,Oil,New,Vertical,No,State,Private,E-07-18S-28E,3603.0,,,Single,False,10/02/2000,12/28/2023,1630.0,32.7625771,-104.222496,NAD83
30-015-31368,[] Spur Energy Partners LLC,Active,Oil,New,Vertical,No,State,State,G-16-17S-30E,3680.0,,,Single,False,12/30/2000,09/16/2021,4855.0,32.8373146,-103.9758987,NAD83
30-015-31383,[] MEWBOURNE OIL CO,Active,Gas,New,Vertical,No,Federal,Federal,A-18-18S-31E,3651.0,,,Single,False,10/20/2000,11/04/2020,11820.0,32.7529564,-103.9027939,NAD83
30-015-31385,[] Spur Energy Partners LLC,Active,Oil,Deepen,Vertical,No,Federal,Federal,K-21-17S-31E,3796.0,,,Single,False,12/18/2000,10/03/2017,6710.0,32.8191719,-103.8757935,NAD83
30-015-31413,[] MACK ENERGY CORP,Active,Gas,New,Vertical,No,Federal,Federal,K-20-16S-28E,3620.0,,,Single,False,01/25/2001,09/30/2024,9700.0,32.9058151,-104.1999893,NAD83
30-015-31415,[] XTO PERMIAN OPERATING LLC.,Active,Oil,New,Vertical,No,Federal,Federal,H-06-24S-30E,3243.0,,,Single,False,05/05/2001,01/28/2022,7450.0,32.2485504,-103.9143219,NAD83
30-015-31446,"[] LONGFELLOW ENERGY, LP",Active,Oil,New,Vertical,No,Federal,Federal,P-17-17S-29E,3601.0,,,Single,False,12/22/2000,07/08/2020,4427.0,32.8282585,-104.0894775,NAD83
30-015-31521,[] R C BENNETT CO,"Plugged, Site Released",Gas,New,Vertical,No,Private,Private,C-32-21S-27E,3109.0,,,Single,False,12/14/2000,02/08/2019,11777.0,32.441391,-104.214241,NAD83
30-015-31527,"[] CHISOS, LTD",Cancelled Apd,Gas,New,,No,Federal,Federal,J-18-16S-30E,3758.0,,,Single,False,,07/20/2012,0.0,32.9198599377639,-104.009308655002,NAD83
30-015-31532,[] Spur Energy Partners LLC,Active,Oil,New,Vertical,No,Federal,Federal,B-29-17S-29E,3607.0,,,Single,False,01/15/2001,09/23/2020,4416.0,32.8100929,-104.0958939,NAD83
30-015-31553,[] CLAYTON WILLIAMS ENERGY INC,Cancelled Apd,Oil,New,,No,Federal,Federal,G-19-17S-29E,3689.0,,,Single,False,,,0.0,32.8235473593965,-104.112460171897,NAD83
30-015-31580,[] XTO PERMIAN OPERATING LLC.,Active,Oil,New,Vertical,No,Federal,Federal,J-01-23S-30E,3289.0,,,Single,False,02/14/2001,02/06/2023,7780.0,32.3324852,-103.8313904,NAD83
30-015-31598,"[] Texian Operating Company, LLC",Active,Oil,New,Vertical,No,Federal,Federal,D-22-16S-28E,3598.0,,,Single,False,03/11/2001,05/04/2020,9800.0,32.9137077,-104.1702347,NAD83
30-015-31607,[] EOG RESOURCES INC,"Plugged, Site Released",Oil,New,Vertical,No,State,State,P-34-21S-31E,3505.0,,,Single,False,03/16/2001,03/26/2019,8200.0,32.4287224,-103.7582169,NAD83
30-015-31613,"[] RAY WESTALL OPERATING, INC.",Active,Injection,New,Vertical,No,Federal,Federal,C-13-18S-31E,3732.0,,,Single,False,05/16/2001,12/12/2024,3775.0,32.7512779,-103.8230896,NAD83
30-015-31627,"[] EOG Y RESOURCES, INC.",Cancelled Apd,Gas,New,,No,Private,Private,I-25-21S-26E,3127.0,,,Single,False,,,0.0,32.4476426719635,-104.23944465967,NAD83
30-015-31642,[] SDX RESOURCES INC,Cancelled Apd,Oil,New,,No,Federal,Federal,E-29-17S-28E,3607.0,,,Single,False,,,0.0,32.8078315170606,-104.203114957758,NAD83
30-015-31652,[] OXY USA WTP LIMITED PARTNERSHIP,"Plugged, Site Released",Gas,New,Vertical,No,Private,Private,P-02-18S-25E,3467.0,,,Single,False,10/23/2001,01/24/2003,8650.0,32.771698,-104.4492722,NAD83
30-015-31664,[] Spur Energy Partners LLC,Active,Oil,New,Vertical,No,Federal,Federal,F-21-17S-31E,3758.0,,,Single,False,05/19/2001,12/03/2021,5438.0,32.8216515,-103.8779526,NAD83
30-015-31666,[] Spur Energy Partners LLC,Active,Oil,New,Vertical,No,Federal,Federal,E-21-17S-31E,3741.0,,,Single,False,04/17/2001,06/12/2020,5295.0,32.8227768,-103.8801041,NAD83
30-015-31671,[] BURNETT OIL CO INC,Active,Oil,New,Vertical,No,Federal,Federal,I-13-17S-30E,3734.0,,,Single,False,04/20/2001,06/15/2018,5118.0,32.8319321,-103.9179993,NAD83
30-015-31683,[] CIMAREX ENERGY CO. OF COLORADO,Cancelled Apd,Oil,New,,No,State,State,N-24-17S-28E,3687.0,,,Single,False,,07/20/2012,0.0,32.8157602576382,-104.131764955073,NAD83
30-015-31689,[] XTO PERMIAN OPERATING LLC.,Active,Oil,New,Vertical,No,Federal,Federal,P-06-24S-30E,3241.0,,,Single,False,08/17/2001,01/25/2022,7458.0,32.2412796,-103.9143372,NAD83
30-015-31714,[] EOG RESOURCES INC,Cancelled Apd,Gas,New,,No,Federal,Federal,B-29-26S-31E,3171.0,,,Single,False,,,0.0,32.0176159151793,-103.797897369416,NAD83
30-015-31725,"[] Earthstone Operating, LLC","Plugged, Not Released",Gas,Plugback,Vertical,No,Private,State,M-02-24S-26E,3298.0,,,Single,False,06/30/2001,12/12/2019,12000.0,32.2411613,-104.270401,NAD83
30-015-31727,[] PRE-ONGARD WELL OPERATOR,"Plugged, Site Released",Gas,New,,No,State,State,K-16-21S-23E,,,,,False,01/01/1900,,0.0,32.4762993,-104.6097794,NAD83
30-015-31731,[] MACK ENERGY CORP,"Plugged, Site Released",Gas,New,Vertical,No,Federal,Federal,K-05-16S-28E,3651.0,3667.0,3650.0,Single,False,05/21/2001,11/17/2021,9300.0,32.948700001,-104.1997681,NAD83
30-015-31748,"[] DEVON ENERGY PRODUCTION COMPANY, LP",Cancelled Apd,Oil,New,,No,Federal,Federal,N-34-17S-27E,3588.0,,,Single,False,,02/20/2015,0.0,32.786080554707,-104.267412772445,NAD83
30-015-31768,[] COG OPERATING LLC,Cancelled Apd,Gas,New,,No,Federal,Federal,D-21-16S-28E,3581.0,,,Single,False,,07/20/2012,0.0,32.9135148529384,-104.186409218265,NAD83
30-015-31771,[] MEWBOURNE OIL CO,"Plugged, Site Released",Oil,New,Vertical,No,State,State,F-11-19S-28E,3458.0,,,Single,False,06/05/2001,07/11/2023,8705.0,32.676239,-104.1503983,NAD83
30-015-31796,[] CHI OPERATING INC,"Plugged, Site Released",Oil,New,Vertical,No,Federal,Federal,K-01-19S-30E,3524.0,,,Single,False,06/04/2001,,6603.0,32.6882744,-103.9284439,NAD83
30-015-31806,[] BURNETT OIL CO INC,Active,Salt Water Disposal,Re-entry,Vertical,No,Federal,Federal,H-31-17S-31E,3719.0,,,Single,False,08/13/2001,12/03/2025,11875.0,32.7928581,-103.9025497,NAD83
30-015-31819,"[] DEVON ENERGY PRODUCTION COMPANY, LP","Plugged, Site Released",Gas,New,Vertical,No,Federal,Federal,I-05-16S-28E,3689.0,,,Single,False,07/03/2001,07/25/2012,9580.0,32.9503365,-104.1920547,NAD83
30-015-31828,[] MARATHON OIL CO,Cancelled Apd,Gas,New,,No,Federal,Federal,G-35-21S-23E,3875.0,,,Single,False,,11/16/2006,0.0,32.4380271881453,-104.570041173928,NAD83
30-015-31865,[] KUKUI OPERATING COMPANY,Cancelled Apd,Gas,New,,No,Federal,Federal,M-35-23S-29E,3092.0,,,Single,False,,,0.0,32.2552153403218,-103.961750990475,NAD83
30-005-00586,[] UNION OIL CO OF CALIFORNIA,"Plugged, Site Released",Injection,New,,No,,Private,A-07-15S-31E,,,,,False,01/01/1900,,3150.0,33.0349884,-103.854126,NAD83
30-005-00863,"[] CELERO ENERGY II, LP","Plugged, Site Released",Injection,New,Vertical,No,Federal,Private,D-25-13S-31E,,,,Single,False,,06/03/2009,3059.0,33.1666946,-103.7814941,NAD83
30-015-21782,[] PRE-ONGARD WELL OPERATOR,"Plugged, Site Released",Oil,New,,No,Federal,Private,E-03-24S-26E,,,,,False,01/01/1900,,0.0,32.2480164,-104.2874985,NAD83
30-015-25115,[] SAMUEL DALE HUGHES DBA HUGHES DRILLING CO.,Active,Oil,New,Vertical,No,State,State,C-22-17S-28E,,,,Single,False,12/17/1984,05/14/2020,810.0,32.8244934,-104.1647949,NAD83
30-015-25952,[] SAMSON RESOURCES CO,"Plugged, Site Released",Oil,New,Vertical,No,Federal,Federal,F-19-22S-26E,3409.0,,,Single,False,,,99999.0,32.3802795,-104.3342438,NAD83
30-015-25961,[] PRE-ONGARD WELL OPERATOR,"Plugged, Site Released",Oil,New,,No,State,State,N-36-17S-30E,,,,,False,01/01/1900,,0.0,32.7856064,-103.9275894,NAD83
30-015-25963,[] PRE-ONGARD WELL OPERATOR,Cancelled Apd,Oil,New,,No,,Federal,O-14-18S-31E,,,,,False,,,0.0,32.7417255173066,-103.838400549265,NAD83
30-015-25969,"[] Acacia Operating Company, LLC",Active,Oil,New,Vertical,No,State,State,F-36-17S-27E,,,,Single,False,10/10/1988,12/30/2024,99999.0,32.7923622,-104.2332993,NAD83
30-015-26004,[] PRIMERO OPERATING INC,"Plugged, Site Released",Oil,New,Vertical,No,Federal,Federal,G-20-16S-31E,,,,Single,False,,07/15/2008,99999.0,32.9089737,-103.8899002,NAD83
30-015-26015,"[] LH Operating, LLC",Active,Oil,New,Vertical,No,Federal,Federal,A-03-17S-31E,3990.0,,,Single,False,11/22/1988,05/03/2018,4090.0,32.8690224,-103.8501205,NAD83
30-015-26058,"[] HARVARD PETROLEUM COMPANY, LLC","Plugged, Site Released",Oil,New,Vertical,No,State,State,N-12-19S-27E,,,,Single,False,02/02/1989,10/09/2024,99999.0,32.670311,-104.235672,NAD83
30-015-26080,[] PRE-ONGARD WELL OPERATOR,"Plugged, Site Released",Oil,New,,No,Federal,Federal,L-17-18S-27E,,,,,False,01/01/1900,,0.0,32.7462273,-104.3062592,NAD83
30-015-26104,"[] G and C Operating, LLC",Active,Oil,New,Vertical,No,State,State,P-02-19S-29E,,,,Single,False,04/25/1989,07/22/2024,99999.0,32.6850204,-104.040123,NAD83
30-015-26109,"[] MAVERICK OPERATING, LLC",Active,Oil,New,Vertical,No,Federal,Federal,I-28-24S-31E,,,,Single,False,05/03/1989,12/22/2025,99999.0,32.1864662,-103.7768021,NAD83
30-015-26115,"[] EOG Y RESOURCES, INC.","Plugged, Site Released",Oil,New,Vertical,No,State,State,F-02-20S-24E,3658.0,,,Single,False,,04/24/2012,9506.0,32.6046829,-104.5609894,NAD83
30-015-26150,[] MATADOR PRODUCTION COMPANY,Active,Oil,New,Vertical,No,Federal,Federal,I-13-18S-31E,3727.0,,,Single,False,07/19/1989,11/13/2020,5547.0,32.7448997,-103.8165817,NAD83
30-015-26156,[] PRE-ONGARD WELL OPERATOR,"Plugged, Site Released",Oil,New,,No,,Private,O-29-22S-26E,,,,,False,01/01/1900,,0.0,32.3586922,-104.3131256,NAD83
30-015-26187,[] Spur Energy Partners LLC,Active,Oil,New,Vertical,No,Federal,Federal,C-17-17S-31E,,,,Single,False,01/01/1990,06/16/2020,6035.0,32.8408699,-103.8952179,NAD83
30-015-26228,[] PRE-ONGARD WELL OPERATOR,"Plugged, Site Released",Oil,New,,No,Federal,Federal,F-06-19S-27E,,,,,False,01/01/1900,,0.0,32.691452,-104.3204041,NAD83
30-015-26235,"[] G and C Operating, LLC",Active,Injection,New,Vertical,No,State,State,D-11-19S-29E,,,,Single,False,11/22/1989,07/10/2025,99999.0,32.6795807,-104.050972,NAD83
30-015-26237,"[] HARVARD PETROLEUM COMPANY, LLC","Plugged, Site Released",Oil,New,Vertical,No,State,State,O-12-19S-27E,,,,Single,False,,08/10/2006,99999.0,32.6684341,-104.2310867,NAD83
30-015-26251,[] PRE-ONGARD WELL OPERATOR,"Plugged, Site Released",Oil,New,,No,State,Federal,P-16-21S-25E,,,,,False,01/01/1900,,0.0,32.4740295,-104.3926773,NAD83
30-015-26253,"[] Permian Resources Operating, LLC",Active,Gas,New,Vertical,No,Federal,Federal,O-22-20S-28E,3229.0,,,,False,02/19/1990,12/22/2023,11492.0,32.5545349,-104.1634445,NAD83
30-015-26264,"[] BTA OIL PRODUCERS, LLC",Active,Oil,New,Vertical,No,Private,Private,I-22-23S-28E,3022.0,,,Single,False,01/08/1990,02/01/2022,6300.0,32.285862,-104.0677338,NAD83
30-015-26294,[] CHEVRON U S A INC,"Plugged, Site Released",Oil,New,Vertical,No,Private,Private,D-23-23S-28E,,,,Single,False,03/15/1990,08/05/2020,6300.0,32.2966347,-104.0645828,NAD83
30-015-26310,"[] EOG Y RESOURCES, INC.","Plugged, Site Released",Gas,Plugback,Vertical,No,Federal,Private,F-15-20S-24E,,,,Single,False,,03/27/2007,9440.0,32.575592,-104.578392,NAD83
30-015-26359,[] Spur Energy Partners LLC,Active,Gas,New,Vertical,No,Federal,Federal,N-11-17S-29E,,,,Single,False,01/09/1990,08/12/2020,10910.0,32.8437119,-104.047287,NAD83
30-015-26378,"[] PARRISH, H DWANE & RHONDA K","Plugged, Not Released",Oil,New,Vertical,No,State,State,E-12-19S-29E,3388.0,,,,False,02/12/1981,06/09/2025,2620.0,32.6777573,-104.0358505,NAD83
30-015-26404,"[] RILEY PERMIAN OPERATING COMPANY, LLC",Active,Salt Water Disposal,New,Vertical,No,Federal,Federal,A-12-18S-27E,3619.0,,,Single,False,06/28/1990,02/12/2025,10141.0,32.7671509,-104.2267838,NAD83
30-015-26435,"[] EOG Y RESOURCES, INC.",Cancelled Apd,Gas,New,,No,Federal,Federal,E-05-20S-24E,3856.0,,,Single,False,,,99999.0,32.60437,-104.61649,NAD83
30-015-26454,[] EOG RESOURCES INC,"Plugged, Site Released",Oil,Add a Zone,Vertical,No,Private,Federal,B-01-20S-24E,3592.0,,,Single,False,11/25/1991,11/03/2023,8275.0,32.6082878,-104.5392761,NAD83
30-015-26486,"[] BTA OIL PRODUCERS, LLC",Active,Oil,New,Vertical,No,Private,Private,O-15-23S-28E,3012.0,,,Single,False,10/07/1990,02/21/2023,6300.0,32.2995377,-104.0729599,NAD83
30-015-26504,[] PRE-ONGARD WELL OPERATOR,Cancelled Apd,Oil,New,,No,,Federal,D-06-20S-30E,,,,,False,,,0.0,32.6087621015672,-104.018809835998,NAD83
30-015-26517,"[] EOG Y RESOURCES, INC.","Plugged, Site Released",Oil,New,Vertical,No,Federal,Private,D-14-20S-24E,3619.0,,,Single,False,,03/20/2007,99999.0,32.5682182,-104.5567398,NAD83
30-015-26549,[] EOG RESOURCES INC,Active,Oil,New,Vertical,No,State,Federal,P-11-22S-31E,,,,Single,False,12/07/1990,09/15/2022,8425.0,32.3996735,-103.7414551,NAD83
30-015-26565,"[] CHESAPEAKE OPERATING, INC.","Plugged, Site Released",Oil,New,Vertical,No,Federal,Federal,I-03-19S-30E,,,,Single,False,,07/31/2009,3500.0,32.6885109,-103.9528351,NAD83
30-015-26571,"[] LH Operating, LLC",Active,Oil,New,Vertical,No,Federal,Federal,J-29-17S-31E,,,,Single,False,12/17/1990,06/09/2017,99999.0,32.8019867,-103.8876038,NAD83
30-015-26588,"[] DEVON ENERGY PRODUCTION COMPANY, LP","Plugged, Site Released",Oil,New,Vertical,No,Federal,Federal,J-09-21S-26E,,,,Single,False,,10/18/2001,4250.0,32.4921684,-104.2961731,NAD83
30-015-26591,[] EOG RESOURCES INC,"Plugged, Site Released",Oil,New,Vertical,No,State,State,F-16-23S-31E,3349.0,,,Single,False,01/02/1991,10/21/2020,8130.0,32.305336,-103.7860031,NAD83
30-015-26611,"[] LH Operating, LLC",Active,Oil,New,Vertical,No,Federal,Federal,N-20-17S-31E,,,,Single,False,01/18/1991,04/19/2023,99999.0,32.815937,-103.8921585,NAD83
30-015-26652,[] PRE-ONGARD WELL OPERATOR,Cancelled Apd,Oil,New,,No,,Federal,K-12-18S-31E,,,,,False,,,0.0,32.7612032117157,-103.825155365439,NAD83
30-015-26654,[] MEWBOURNE OIL CO,Active,Oil,New,Vertical,No,State,State,L-02-18S-30E,3518.0,,,Single,False,03/13/1991,07/27/2018,7235.0,32.7746735,-103.9490662,NAD83
30-015-26698,[] EOG RESOURCES INC,Active,Oil,New,Vertical,No,Federal,Federal,B-01-22S-31E,,,,Single,False,04/02/1991,09/15/2022,8500.0,32.4260063,-103.7293396,NAD83
30-015-26715,[] EOG RESOURCES INC,Active,Oil,New,Vertical,No,State,State,K-36-21S-31E,,,,Single,False,11/19/1991,09/15/2022,8450.0,32.4332657,-103.7336121,NAD83
30-015-26736,"[] EOG Y RESOURCES, INC.","Plugged, Site Released",Oil,New,Vertical,No,Federal,Federal,B-26-20S-24E,3650.0,,,Single,False,02/02/1993,02/25/2022,8112.0,32.5494728,-104.5568314,NAD83
30-015-26757,[] PRE-ONGARD WELL OPERATOR,Cancelled Apd,Oil,New,,No,,Federal,D-14-19S-31E,,,,,False,,,0.0,32.6668565330375,-103.845389315357,NAD83
30-015-26761,[] CONOCOPHILLIPS COMPANY,Active,Injection,New,Vertical,No,State,State,P-02-22S-30E,,,,Single,False,09/28/1991,11/20/2025,7510.0,32.4173279,-103.8466568,NAD83
30-015-26837,[] PRONGHORN MANAGEMENT CORP,"Plugged, Site Released",Oil,New,Vertical,No,State,State,M-17-19S-29E,3361.0,,,Single,False,,06/03/2010,2048.0,32.6545219,-104.104538,NAD83
30-015-26853,[] PRE-ONGARD WELL OPERATOR,Cancelled Apd,Oil,New,,No,,Private,J-02-21S-28E,,,,,False,,,0.0,32.5156501265173,-104.055317353738,NAD83
30-015-26855,[] Extex Operating Company,Active,Oil,New,Vertical,No,State,State,E-01-22S-31E,3558.0,,,Single,False,10/17/1991,09/15/2022,8409.0,32.4223785,-103.7383041,NAD83
30-015-26911,[] PRE-ONGARD WELL OPERATOR,"Plugged, Site Released",Oil,New,,No,State,State,P-16-22S-28E,,,,,False,01/01/1900,,0.0,32.3876305,-104.0872803,NAD83
30-015-26928,"[] DEVON ENERGY PRODUCTION COMPANY, LP","Plugged, Site Released",Oil,New,Vertical,No,Federal,Federal,I-23-23S-31E,3471.0,,,Single,False,02/11/1992,08/03/2020,8330.0,32.2875786,-103.7429657,NAD83
30-015-26938,"[] EOG Y RESOURCES, INC.","Plugged, Site Released",Oil,New,Vertical,No,Federal,Private,C-20-19S-25E,,,,Single,False,,04/19/2012,8365.0,32.6519089,-104.5047989,NAD83
30-015-26940,[] OXY USA INC,Active,Oil,New,Vertical,No,Federal,Federal,E-26-22S-31E,,,,Single,False,03/29/1992,09/23/2024,99999.0,32.3642349,-103.7561111,NAD83
30-015-26960,[] EOG RESOURCES INC,"Plugged, Site Released",Oil,New,Vertical,No,Federal,Federal,A-11-22S-31E,,,,Single,False,03/09/1992,02/13/2017,8410.0,32.4114952,-103.7411194,NAD83
30-015-26978,"[] RILEY PERMIAN OPERATING COMPANY, LLC",Active,Oil,New,Vertical,No,Private,Private,G-08-19S-25E,3553.0,,,Single,False,04/15/1992,08/05/2024,8200.0,32.6775208,-104.5048065,NAD83
30-015-26990,"[] EOG Y RESOURCES, INC.","Plugged, Site Released",Oil,New,Vertical,No,Private,Private,L-25-20S-24E,3614.0,,,Single,False,,04/03/2012,8170.0,32.5426254,-104.5482864,NAD83
30-015-26992,"[] XTO ENERGY, INC","Plugged, Site Released",Oil,New,Vertical,No,Federal,Federal,G-13-23S-29E,2998.0,,,Single,False,12/07/1992,11/10/2022,7198.0,32.3075447,-103.9356689,NAD83
30-015-27026,"[] WPX Energy Permian, LLC","Plugged, Site Released",Oil,New,Vertical,No,Federal,Federal,I-35-22S-28E,3107.0,,,Single,False,06/14/1992,02/23/2016,6360.0,32.347332,-104.0515976,NAD83
30-015-27028,"[] EOG Y RESOURCES, INC.","Plugged, Site Released",Gas,New,Vertical,No,Private,Private,E-17-18S-26E,3404.0,,,,False,07/06/1992,12/11/2006,9050.0,32.7492676,-104.4105759,NAD83
30-015-27046,[] OXY USA WTP LIMITED PARTNERSHIP,"Plugged, Site Released",Oil,New,Vertical,No,Federal,Federal,E-34-21S-24E,3763.0,,,Single,False,07/13/1992,05/15/2013,10034.0,32.4379082,-104.4914093,NAD83
30-015-27053,"[] EOG Y RESOURCES, INC.","Plugged, Site Released",Injection,New,,No,Federal,Private,H-19-19S-25E,3582.0,,,Single,False,,04/19/2012,8275.0,32.6482849,-104.5176926,NAD83
30-015-27084,[] CHEVRON U S A INC,Active,Oil,New,Vertical,No,Federal,Federal,E-24-22S-31E,3545.0,,,Single,False,05/29/1996,09/28/2022,8550.0,32.3796883,-103.7368698,NAD83
30-015-27093,"[] WPX Energy Permian, LLC",Active,Oil,New,Vertical,No,State,State,F-36-22S-28E,,,,Single,False,09/03/1992,01/15/2019,6390.0,32.3510933,-104.0444183,NAD83
30-015-27115,[] OXY USA INC,Active,Oil,New,Vertical,No,Federal,Federal,P-29-23S-31E,,,,Single,False,08/30/1992,12/29/2022,99999.0,32.2690659,-103.7934265,NAD83
30-015-27121,"[] EOG Y RESOURCES, INC.",Cancelled Apd,Oil,New,,No,Federal,Federal,E-26-20S-24E,3676.0,,,Single,False,,03/30/2004,0.0,32.5463990608218,-104.565255427217,NAD83
30-015-27123,"[] EOG Y RESOURCES, INC.",Cancelled Apd,Oil,New,,No,Federal,Federal,M-23-20S-24E,3676.0,,,Single,False,,11/19/2020,0.0,32.5536556076437,-104.565522774008,NAD83
30-015-27173,"[] RUBICON OIL & GAS, LLC","Plugged, Not Released",Oil,New,Vertical,No,Private,Private,P-34-23S-28E,3020.0,,,,False,10/28/1992,09/30/2025,6475.0,32.255188,-104.0676956,NAD83
30-015-27222,"[] BXP Operating, LLC",Active,Oil,New,Vertical,No,Federal,Federal,M-03-20S-28E,3277.0,,,Single,False,12/18/1992,09/24/2020,6520.0,32.5981827,-104.1715393,NAD83
30-015-27398,[] SOUTHWEST ROYALTIES INC,Active,Salt Water Disposal,New,Vertical,No,State,State,L-36-25S-29E,3038.0,,,Single,False,04/30/1993,10/02/2025,5971.0,32.0852699,-103.9453964,NAD83
30-015-27423,[] OXY USA INC,"Plugged, Site Released",Oil,New,Vertical,No,Federal,Federal,F-24-23S-31E,3511.0,,,Single,False,05/16/1994,05/28/2021,8454.0,32.2913933,-103.7343903,NAD83
30-015-27452,[] PRE-ONGARD WELL OPERATOR,Cancelled Apd,Oil,New,,No,,State,A-36-26S-30E,,,,,False,,,0.0,32.0041782424302,-103.828320741955,NAD83
30-015-27464,"[] BXP Operating, LLC",Active,Injection,New,Vertical,No,Federal,Federal,J-35-19S-29E,3311.0,,,,False,06/06/1993,12/29/2025,4750.0,32.6170578,-104.0456009,NAD83
30-015-27506,"[] BAM Permian Operating, LLC",Active,Gas,Plugback,Vertical,No,Federal,Federal,N-25-19S-24E,3605.0,,,Single,False,07/03/1993,08/06/2024,8070.0,32.6265106,-104.5436325,NAD83
30-015-27544,[] PRE-ONGARD WELL OPERATOR,Cancelled Apd,Oil,New,,No,,Private,G-33-24S-28E,,,,,False,,,0.0,32.1758472239533,-104.08942152644,NAD83
30-015-27549,[] OXY USA INC,"Plugged, Site Released",Oil,New,Vertical,No,Federal,Federal,G-35-23S-31E,3482.0,,,Single,False,07/16/1993,10/31/2022,8350.0,32.2617836,-103.7464447,NAD83
30-015-27571,[] CHEVRON U S A INC,"Plugged, Site Released",Oil,New,Vertical,No,Federal,Federal,J-01-23S-28E,3052.0,,,Single,False,04/23/1995,02/16/2018,6390.0,32.333828,-104.0390015,NAD83
30-015-27582,"[] MERIT ENERGY COMPANY, LLC",Cancelled Apd,Oil,New,,No,Federal,Federal,O-05-24S-31E,3444.0,,,,False,,,0.0,32.2409249199142,-103.797731569636,NAD83
30-015-27613,"[] MAXEX, LLC","Plugged, Site Released",Gas,New,Vertical,No,State,Federal,C-28-20S-28E,3228.0,,,Single,False,,03/01/2006,770.0,32.549942,-104.1861343,NAD83
30-015-27643,"[] DEVON ENERGY PRODUCTION COMPANY, LP",Cancelled Apd,Oil,New,,No,Federal,Federal,D-15-23S-31E,3391.0,,,Single,False,,,99999.0,32.3098563603055,-103.772094033724,NAD83
30-015-27651,[] MARBOB ENERGY CORP,Cancelled Apd,Oil,New,,No,Federal,Federal,P-18-17S-30E,3645.0,,,Single,False,,,99999.0,32.8309201686341,-104.003854908284,NAD83
30-015-27665,"[] BEPCO, LP",Cancelled Apd,Oil,New,,No,Federal,Federal,N-33-19S-31E,3482.0,,,Single,False,,,99999.0,32.611445270948,-103.875982929982,NAD83
30-015-27679,[] FORTSON OIL CO,Cancelled Apd,Oil,New,,No,State,State,G-36-24S-30E,3447.0,,,Single,False,,10/20/1999,99999.0,32.1761512155015,-103.832047210298,NAD83
30-015-27681,[] K P KAUFFMAN COMPANY INC,Active,Oil,New,Vertical,No,Federal,Federal,D-35-18S-31E,3638.0,,,Single,False,11/09/1993,12/02/2020,4025.0,32.70858,-103.84552,NAD83
30-015-27697,[] EOG RESOURCES INC,Cancelled Apd,Oil,Add a Zone,,No,Federal,Federal,2-01-23S-30E,3296.0,,,Single,False,,,99999.0,32.33957,-103.831500001,NAD83
30-015-27711,"[] HARVARD PETROLEUM COMPANY, LLC",Active,Oil,New,Vertical,No,Federal,Federal,M-27-23S-31E,3403.0,,,Single,False,11/05/1993,05/26/2021,8250.0,32.2699623,-103.77314,NAD83
30-015-27727,[] MEWBOURNE OIL CO,Cancelled Apd,Oil,New,,No,Federal,Federal,L-12-18S-27E,3585.0,,,Single,False,,,99999.0,32.7600609095675,-104.237445550157,NAD83
30-015-27733,"[] EOG Y RESOURCES, INC.",Cancelled Apd,Gas,New,,No,Federal,Federal,B-12-20S-30E,3327.0,,,Single,False,,,99999.0,32.5914384303844,-103.924507107034,NAD83
30-015-27776,"[] EOG Y RESOURCES, INC.",Cancelled Apd,Oil,New,,No,Federal,Federal,E-25-18S-30E,3453.0,,,Single,False,,,99999.0,32.7188115903272,-103.933021955003,NAD83
30-015-27811,[] SANTA FE ENERGY OPERATING PARTNERS L P,Cancelled Apd,Oil,New,,No,Federal,Federal,I-09-23S-31E,3365.0,,,Single,False,,,99999.0,32.317200001,-103.77557,NAD83
30-015-27831,[] DEVON ENERGY OPERATING COMPANY LP,Cancelled Apd,Oil,New,,No,Federal,Federal,I-25-22S-30E,3344.0,,,Single,False,,,99999.0,32.3612387881184,-103.826683437792,NAD83
30-015-27856,"[] DEVON ENERGY PRODUCTION COMPANY, LP",Cancelled Apd,Oil,New,,No,Federal,Federal,F-13-23S-31E,3493.0,,,Single,False,,,0.0,32.3061595915444,-103.733618671862,NAD83
30-015-27895,[] XTO PERMIAN OPERATING LLC.,"Plugged, Site Released",Oil,New,Vertical,No,State,State,B-36-24S-30E,3460.0,,,Single,False,08/08/1995,08/10/2023,8150.0,32.1797829,-103.832016,NAD83
30-015-27903,[] POGO PRODUCING CO,Cancelled Apd,Oil,New,,No,Federal,Federal,C-09-24S-31E,3438.0,,,Single,False,,,0.0,32.2371199999999,-103.783959999999,NAD83
30-015-27905,[] POGO PRODUCING CO,Cancelled Apd,Oil,New,,No,Federal,Federal,K-09-24S-31E,3468.0,,,Single,False,,,0.0,32.22992,-103.78391,NAD83
30-015-27939,"[] DEVON ENERGY PRODUCTION COMPANY, LP",Active,Oil,Plugback,Directional,No,Federal,Federal,E-27-20S-29E,3273.0,,,Commingled,False,12/17/1994,09/24/2019,12273.0,32.5462379,-104.0686035,NAD83
30-015-28002,[] MEWBOURNE OIL CO,"Plugged, Site Released",Oil,Re-entry,Vertical,No,State,State,I-02-25S-28E,2946.0,,,Single,False,11/22/1994,05/09/2022,6600.0,32.1575317,-104.0515747,NAD83
30-015-28035,[] PRE-ONGARD WELL OPERATOR,"Plugged, Site Released",Oil,New,,No,Federal,Federal,K-01-17S-29E,,,,,False,01/01/1900,,0.0,32.8625488,-104.0311584,NAD83
30-015-28066,"[] ENDEAVOR ENERGY RESOURCES, LP","Plugged, Not Released",Oil,New,Vertical,No,State,State,K-36-24S-28E,2950.0,,,Single,False,09/11/1994,12/19/2023,5205.0,32.1719398,-104.0429993,NAD83
30-015-28080,[] Spur Energy Partners LLC,Active,Oil,New,Vertical,No,Private,Private,M-22-18S-26E,3233.0,,,Single,False,09/01/1994,07/19/2024,1820.0,32.7269745,-104.3751831,NAD83
30-015-28082,[] STRATA PRODUCTION CO,Cancelled Apd,Oil,New,,No,Federal,Federal,F-13-23S-29E,2985.0,,,Single,False,,,0.0,32.3078490377454,-103.941475422153,NAD83
30-015-28109,[] NEARBURG PRODUCING CO,Cancelled Apd,Gas,New,,No,Private,Private,B-27-19S-25E,3449.0,,,Single,False,,,0.0,32.6363108450921,-104.471384369257,NAD83
30-015-28114,[] SONAT EXPLORATION COMPANY,Cancelled Apd,Oil,New,,No,State,State,N-02-24S-31E,3490.0,,,Single,False,,,0.0,32.2407499999999,-103.74996,NAD83
30-015-28137,"[] BEPCO, LP",Cancelled Apd,Gas,New,,No,State,State,F-31-23S-30E,3135.0,,,Single,False,,,0.0,32.2631302491731,-103.923152782472,NAD83
30-015-28150,"[] RILEY PERMIAN OPERATING COMPANY, LLC",Active,Oil,Plugback,Vertical,No,Private,Private,I-28-19S-25E,3472.0,,,Single,False,11/11/1994,09/11/2024,8200.0,32.6289597,-104.4841461,NAD83
30-015-28209,[] K P KAUFFMAN COMPANY INC,Active,Oil,New,Vertical,No,Federal,Federal,M-35-18S-31E,3618.0,,,Single,False,01/02/1995,12/02/2020,4045.0,32.6976967,-103.8478165,NAD83
30-015-28274,[] SDX RESOURCES INC,Cancelled Apd,Oil,New,,No,Federal,Federal,C-10-18S-28E,3649.0,,,,False,,,0.0,32.7686308735322,-104.168096809263,NAD83
30-015-28286,[] Redwood Operating LLC,"Plugged, Site Released",Oil,Deepen,Vertical,No,Federal,Federal,K-04-18S-27E,3397.0,,,Single,False,02/10/1995,06/01/2021,3500.0,32.7758484,-104.2862701,NAD83
30-015-28310,[] MATADOR OPERATING CO,"Plugged, Site Released",Gas,New,Vertical,No,State,State,D-19-20S-27E,3298.0,,,Single,False,,10/01/1999,8367.0,32.5635338,-104.3264236,NAD83
30-015-28323,"[] LH Operating, LLC",Active,Oil,New,Vertical,No,Federal,Federal,H-03-17S-31E,3976.0,,,Single,False,12/26/1995,11/13/2024,4505.0,32.8669281,-103.853096,NAD83
30-015-28347,[] MEWBOURNE OIL CO,Active,Gas,New,Vertical,No,Federal,Federal,K-05-20S-28E,3312.0,,,Single,False,01/29/1997,01/28/2019,11250.0,32.5998917,-104.2017746,NAD83
30-015-28349,[] TEXACO EXPLORATION & PRODUCTION INC,Cancelled Apd,Oil,New,,No,State,State,M-30-23S-30E,3059.0,,,,False,,11/18/1999,0.0,32.2703904226692,-103.927454827064,NAD83
30-015-28367,[] TEXACO EXPLORATION & PRODUCTION INC,Cancelled Apd,Oil,New,,No,State,State,E-31-23S-30E,3120.0,,,,False,,,0.0,32.2634080773029,-103.927119112008,NAD83
30-015-28419,[] CHEVRON U S A INC,Cancelled Apd,Oil,New,,No,Federal,Federal,N-01-25S-26E,3280.0,,,,False,,,0.0,32.15372,-104.24799,NAD83
30-015-28487,"[] RAY WESTALL OPERATING, INC.",Active,Salt Water Disposal,Plugback,Vertical,No,State,State,C-36-17S-30E,3602.0,,,Multiple,False,10/28/1995,07/02/2024,11775.0,32.7964706,-103.9267883,NAD83
30-015-28508,[] H L BROWN JR,Cancelled Apd,Oil,New,,No,State,State,K-28-24S-23E,4816.0,,,,False,,10/18/1999,0.0,32.1876494118057,-104.60290100141,NAD83
30-015-28565,"[] LH Operating, LLC",Active,Oil,New,Vertical,No,Federal,Federal,L-09-17S-31E,3865.0,,,Single,False,07/24/1995,04/29/2022,4270.0,32.8488159,-103.8831711,NAD83
30-015-28607,[] KCS RESOURCES LLC,"Plugged, Site Released",Gas,New,Vertical,No,Private,Private,K-19-17S-26E,3427.0,,,Single,False,,,8412.0,32.8188553,-104.4234238,NAD83
30-015-28621,[] OXY USA WTP LIMITED PARTNERSHIP,Active,Oil,Plugback,Vertical,No,Federal,Federal,F-11-21S-23E,3749.0,,,Single,False,08/30/1995,07/01/2022,9482.0,32.4941978,-104.5757523,NAD83
30-015-28639,[] OXY USA INC,"Plugged, Not Released",Oil,New,Vertical,No,State,Private,D-22-24S-29E,2929.0,,,Single,False,01/21/1997,01/04/2022,5360.0,32.2085152,-103.9787445,NAD83
30-015-28652,[] SONAT EXPLORATION COMPANY,Cancelled Apd,Oil,New,,No,Federal,Federal,M-01-24S-31E,3517.0,,,,False,,,0.0,32.24074,-103.737100001,NAD83
30-015-28698,[] MEWBOURNE OIL CO,Active,Salt Water Disposal,Re-entry,Vertical,No,Federal,Federal,G-29-18S-30E,3453.0,,,Single,False,02/21/1996,09/19/2025,13338.0,32.7204323,-103.9918213,NAD83
30-015-28714,[] MARBOB ENERGY CORP,"Plugged, Site Released",Salt Water Disposal,New,Vertical,No,Federal,Federal,K-06-17S-31E,3735.0,,,Single,False,12/18/1996,06/08/2009,12250.0,32.861187,-103.9123688,NAD83
30-015-28722,[] POGO PRODUCING CO,Cancelled Apd,Oil,New,,No,Federal,Private,E-27-24S-29E,2915.0,,,,False,,,0.0,32.1911921121283,-103.979863883989,NAD83
30-015-28724,[] POGO PRODUCING CO,Cancelled Apd,Oil,New,,No,Federal,Private,G-28-24S-29E,2925.0,,,,False,,,0.0,32.1890883644515,-103.988450763973,NAD83
30-015-28757,"[] LH Operating, LLC",Active,Oil,New,Vertical,No,Federal,Federal,F-18-17S-31E,3738.0,,,Single,False,01/20/1996,06/17/2020,3810.0,32.8376274,-103.9105835,NAD83
30-015-28788,"[] LH Operating, LLC",Active,Oil,New,Vertical,No,Federal,Federal,N-21-17S-31E,3806.0,,,Single,False,03/02/1996,06/11/2020,3950.0,32.815876,-103.8751144,NAD83
30-015-28790,"[] LH Operating, LLC",Active,Injection,New,Vertical,No,Federal,Federal,H-18-17S-31E,3706.0,,,Single,False,03/01/1996,11/04/2024,3810.0,32.8354187,-103.9009323,NAD83
30-015-28824,[] POGO PRODUCING CO,Cancelled Apd,Oil,New,,No,Federal,Federal,B-01-24S-31E,3517.0,,,,False,,,0.0,32.2518266684206,-103.729381807306,NAD83
30-015-28850,[] OXY USA INC,Active,Oil,New,Vertical,No,Federal,Federal,F-21-24S-29E,2953.0,,,Single,False,05/31/1996,03/30/2023,7820.0,32.2053604,-103.9905319,NAD83
30-015-28889,"[] LH Operating, LLC",Active,Oil,New,Vertical,No,Federal,Federal,E-18-17S-31E,3753.0,,,Single,False,04/16/1996,06/17/2020,3855.0,32.8345146,-103.9135056,NAD83
30-015-28905,[] CHEVRON U S A INC,"Plugged, Not Released",Oil,New,Vertical,No,State,State,I-02-24S-31E,3505.0,,,Single,False,05/27/1996,06/02/2025,8525.0,32.2445984,-103.7421722,NAD83
30-015-28907,"[] RILEY PERMIAN OPERATING COMPANY, LLC",Active,Oil,New,Vertical,No,Private,Private,F-21-18S-26E,3372.0,,,Single,False,04/15/1996,07/16/2024,1840.0,32.7343063,-104.3880844,NAD83
30-015-29139,"[] DEVON ENERGY PRODUCTION COMPANY, LP",Cancelled Apd,Oil,New,,No,Federal,Federal,O-17-17S-31E,3673.0,,,,False,,11/30/2012,0.0,32.8299063892675,-103.891693362666,NAD83
30-015-29194,[] POGO PRODUCING CO,Cancelled Apd,Oil,New,,No,Federal,Private,G-22-24S-29E,2924.0,,,,False,,,0.0,32.2057594144903,-103.971289628471,NAD83
30-015-29217,"[] LH Operating, LLC",Active,Oil,New,Vertical,No,Federal,Federal,F-14-17S-31E,3905.0,,,Single,False,11/15/1996,08/25/2021,4100.0,32.8346481,-103.8406296,NAD83
30-015-29222,[] MEWBOURNE OIL CO,Active,Gas,New,Vertical,No,Federal,Federal,K-10-22S-23E,4033.0,,,Single,False,01/21/1997,01/25/2024,7304.0,32.4034843,-104.5908279,NAD83
30-015-29224,"[] LH Operating, LLC",Active,Oil,New,Vertical,No,Federal,Federal,M-23-17S-31E,3838.0,,,Single,False,11/05/1996,01/18/2022,3950.0,32.8129501,-103.8447189,NAD83
30-015-29246,[] STRATA PRODUCTION CO,Cancelled Apd,Oil,New,,No,Federal,Federal,N-18-23S-30E,3071.0,,,,False,,,0.0,32.2993060540908,-103.922910680959,NAD83
30-015-29248,"[] DEVON ENERGY PRODUCTION COMPANY, LP","Plugged, Site Released",Oil,New,Vertical,No,Federal,Federal,L-11-24S-29E,2959.0,,,Single,False,11/18/1996,07/09/2019,8200.0,32.2294083,-103.9624863,NAD83
30-015-29272,[] DEVON ENERGY PRODUCTION CO.,"Plugged, Site Released",Oil,New,Vertical,No,Federal,Federal,P-01-22S-25E,3548.0,,,,False,,,5200.0,32.4153404,-104.3428802,NAD83
30-015-29306,"[] DEVON ENERGY PRODUCTION COMPANY, LP","Plugged, Site Released",Oil,New,Vertical,No,Federal,Federal,J-14-24S-29E,2982.0,,,Single,False,01/28/1997,02/15/2018,8354.0,32.2163048,-103.9524231,NAD83
30-015-29322,[] Spur Energy Partners LLC,Active,Salt Water Disposal,New,Vertical,No,Federal,Federal,E-15-17S-31E,3868.0,,,Single,False,01/26/1997,09/04/2025,12300.0,32.8372917,-103.8629456,NAD83
30-015-29353,"[] Permian Resources Operating, LLC",Active,Gas,New,Vertical,No,State,Federal,A-20-20S-28E,3242.0,,,Single,False,02/09/1997,11/16/2017,11425.0,32.5635605,-104.1946793,NAD83
30-015-29386,"[] LH Operating, LLC",Active,Injection,New,Vertical,No,Federal,Federal,G-20-17S-31E,3657.0,,,Single,False,08/08/1997,07/24/2024,3367.0,32.822403,-103.8897705,NAD83
30-015-29388,[] COG OPERATING LLC,"Plugged, Site Released",Oil,New,Vertical,No,Federal,Federal,F-20-17S-30E,3639.0,,,Single,False,10/10/1997,06/03/2016,4799.0,32.821003,-103.9973907,NAD83
30-015-29391,[] Spur Energy Partners LLC,Active,Oil,New,Vertical,No,State,State,K-16-17S-31E,3831.0,,,Single,False,09/27/1997,02/15/2022,6528.0,32.8336639,-103.8779907,NAD83
30-015-29393,[] DEVON ENERGY PRODUCTION CO.,"Plugged, Site Released",Oil,New,Vertical,No,Federal,Federal,I-29-22S-26E,3338.0,,,Single,False,09/19/1997,,4990.0,32.3605194,-104.3088303,NAD83
30-015-29418,[] OXY USA INC,"Plugged, Site Released",Gas,New,Vertical,No,Federal,Federal,B-17-20S-28E,3264.0,,,Single,False,04/23/1997,01/11/2000,1394.0,32.5790024,-104.197998,NAD83
30-015-29432,"[] EOG Y RESOURCES, INC.","Plugged, Site Released",Oil,New,Vertical,No,Federal,Federal,M-34-22S-23E,4230.0,,,Single,False,08/18/1997,03/10/2010,3400.0,32.3419037,-104.5945969,NAD83
30-015-29466,[] CHI OPERATING INC,Cancelled Apd,Oil,New,,No,Federal,Federal,A-04-20S-28E,3299.0,,,,False,,,0.0,32.6088299999999,-104.17529,NAD83
30-015-29471,[] DOMINION OKLAHOMA TEXAS EXPL. & PROD INC,"Plugged, Site Released",Gas,New,Vertical,No,Federal,Federal,F-04-23S-26E,3380.0,,,,False,08/19/1997,09/22/2003,11858.0,32.3365936,-104.3020325,NAD83
30-015-29508,[] EOG RESOURCES INC,Cancelled Apd,Oil,New,,No,Federal,Private,K-06-23S-31E,3308.0,,,,False,,,0.0,32.33182,-103.81861,NAD83
30-015-29581,[] CHEVRON U S A INC,Active,Oil,New,Vertical,No,Federal,Federal,C-24-22S-31E,3555.0,,,Single,False,06/29/1997,09/23/2024,8481.0,32.3819084,-103.7347183,NAD83
30-015-29603,[] DEVON SFS OPERATING INC,"Plugged, Site Released",Oil,New,Vertical,No,Federal,Federal,J-14-24S-31E,3587.0,,,Single,False,09/25/1997,,12000.0,32.215538,-103.7464523,NAD83
30-015-29614,[] CHEVRON U S A INC,"Plugged, Site Released",Oil,New,Vertical,No,Federal,Federal,E-01-23S-28E,3057.0,,,Single,False,07/23/1998,02/17/2022,7470.0,32.3349113,-104.0478668,NAD83
30-015-29628,"[] DEVON ENERGY PRODUCTION COMPANY, LP","Plugged, Not Released",Oil,Re-entry,Vertical,No,State,State,E-28-19S-29E,3315.0,,,Single,False,06/10/1997,05/22/2024,11501.0,32.6335526,-104.0842056,NAD83
30-015-29640,"[] DEVON ENERGY PRODUCTION COMPANY, LP",Cancelled Apd,Oil,New,,No,Federal,Federal,N-36-23S-31E,3499.0,,,,False,,,0.0,32.256110380722,-103.734366637753,NAD83
30-015-29688,[] MEWBOURNE OIL CO,Active,Gas,New,Vertical,No,State,State,L-04-18S-28E,3657.0,,,Single,False,11/02/1997,09/13/2023,10470.0,32.7756119,-104.1872101,NAD83
30-015-29726,"[] RILEY PERMIAN OPERATING COMPANY, LLC",Active,Oil,New,Vertical,No,Federal,Federal,C-17-18S-27E,3383.0,,,Single,False,10/11/1997,08/23/2024,2450.0,32.7525558,-104.300705,NAD83
30-015-29728,"[] DEVON ENERGY PRODUCTION COMPANY, LP","Plugged, Not Released",Salt Water Disposal,New,Vertical,No,State,Federal,I-02-25S-31E,3455.0,,,Single,False,08/24/1997,02/25/2021,16585.0,32.1592751,-103.7438736,NAD83
30-015-29736,"[] DEVON ENERGY PRODUCTION COMPANY, LP","Plugged, Site Released",Oil,New,Vertical,No,Federal,Federal,A-31-23S-30E,3117.0,,,Single,False,09/03/1997,03/31/2022,7300.0,32.2667503,-103.9132919,NAD83
30-015-29802,[] HILCORP ENERGY COMPANY,Active,Oil,New,Vertical,No,Federal,Federal,E-03-18S-27E,3567.0,,,Single,False,10/27/1997,08/25/2020,3600.0,32.7778358,-104.2716751,NAD83
30-015-29818,[] CIMAREX ENERGY CO. OF COLORADO,"Plugged, Site Released",Oil,New,Vertical,No,Federal,Federal,K-09-24S-26E,3403.0,,,,False,,02/09/2009,9.0,32.230381,-104.3002701,NAD83
30-015-29830,"[] J & J Investments, LLC",Active,Oil,New,Vertical,No,Federal,Federal,N-31-17S-30E,3574.0,,,,False,12/04/1997,07/24/2018,3300.0,32.7864799,-104.0124054,NAD83
30-015-29847,[] XTO PERMIAN OPERATING LLC.,"Plugged, Site Released",Oil,New,Vertical,No,Federal,Federal,J-24-24S-30E,3441.0,,,Single,False,10/23/1997,02/08/2018,8145.0,32.2015648,-103.8320313,NAD83
30-015-29899,[] Spur Energy Partners LLC,Active,Oil,New,Vertical,No,Federal,Private,L-33-19S-25E,3490.0,,,Single,False,11/17/1997,09/11/2024,9510.0,32.6146507,-104.4957504,NAD83
30-015-29914,[] ANADARKO PETROLEUM CORP,Cancelled Apd,Oil,New,,No,Federal,Private,L-08-18S-29E,3532.0,,,,False,,,0.0,32.76033,-104.10276,NAD83
30-015-29954,"[] LH Operating, LLC",Active,Oil,New,Vertical,No,Federal,Federal,B-29-17S-31E,3685.0,,,Single,False,12/13/1997,09/07/2021,3650.0,32.8125954,-103.8922272,NAD83
30-015-30009,[] CHI OPERATING INC,Cancelled Apd,Oil,New,,No,Private,Private,G-21-24S-28E,3031.0,,,,False,,,0.0,32.2052906394515,-104.090611480662,NAD83
30-015-30030,"[] BXP Operating, LLC",Active,Injection,New,Vertical,No,Federal,Federal,P-35-19S-29E,3322.0,,,Single,False,01/15/1998,12/29/2025,4400.0,32.6131058,-104.0409775,NAD83
30-015-30087,[] POGO PRODUCING CO,Cancelled Apd,Oil,New,,No,State,Private,M-21-24S-29E,2919.0,,,,False,,,0.0,32.1975126446956,-103.994840435836,NAD83
30-015-30112,[] OXY USA WTP LIMITED PARTNERSHIP,Active,Salt Water Disposal,New,Vertical,No,Federal,Federal,O-19-21S-24E,3780.0,,,Single,False,02/14/1998,12/19/2025,10900.0,32.4580307,-104.5336838,NAD83
30-015-30206,[] POGO PRODUCING CO,Cancelled Apd,Oil,New,,No,State,State,B-03-23S-26E,3264.0,,,,False,,,0.0,32.33961,-104.27668,NAD83
30-015-30211,"[] LH Operating, LLC",Active,Oil,New,Vertical,No,Federal,Federal,D-20-17S-31E,3663.0,,,Single,False,02/16/1999,11/22/2023,3600.0,32.8243942,-103.900444,NAD83
30-015-30213,[] OXY USA INC,Active,Oil,New,Vertical,No,Federal,Federal,2-01-24S-31E,3524.0,,,Single,False,04/07/1998,01/22/2018,8510.0,32.2518272,-103.7293549,NAD83
30-015-30235,[] HILCORP ENERGY COMPANY,Active,Oil,New,Vertical,No,Federal,Federal,K-17-17S-30E,3658.0,,,Single,False,06/02/1999,06/21/2018,4735.0,32.8337059,-103.9952545,NAD83
30-015-30247,[] V-F PETROLEUM INC,Active,Oil,New,Vertical,No,State,State,M-20-19S-28E,3468.0,,,Single,False,05/22/1998,12/27/2023,10000.0,32.640995,-104.2043915,NAD83
30-015-30259,[] APACHE CORPORATION,"Plugged, Site Released",Oil,New,Vertical,No,Federal,Federal,I-21-17S-30E,3647.0,,,Single,False,07/25/1998,10/14/2020,5050.0,32.8191719,-103.9694901,NAD83
30-015-30273,[] DEVON ENERGY PRODUCTION CO.,Cancelled Apd,Gas,New,,No,Federal,Federal,G-17-19S-31E,3453.0,,,,False,,,0.0,32.6625329241824,-103.889413098147,NAD83
